date_time,price_usd,srch_booking_window,srch_saturday_night_bool
2013-03-14 11:27:28,206.0,99,1
2013-01-03 20:48:24,186.0,6,0
2013-01-19 16:51:27,61.0,1,0
2013-01-26 11:34:23,72.0,116,0
2013-04-29 09:39:50,246.0,245,0
2013-03-25 19:43:44,52.0,7,0
2013-05-19 19:52:42,68.0,42,0
2012-11-14 17:18:51,46.0,4,0
2013-01-10 19:22:49,50.0,46,0
2013-03-27 14:49:27,122.0,100,1
2013-05-20 08:14:41,209.0,5,1
2013-06-27 19:02:34,89.0,69,0
2013-05-21 18:49:33,66.0,7,0
2012-11-25 18:24:55,52.0,26,1
2013-04-07 22:42:16,195.0,12,1
2013-05-24 21:03:54,111.0,22,1
2013-05-04 08:31:26,115.0,10,0
2012-11-02 16:05:35,43.0,17,0
2013-03-01 18:51:53,66.0,30,0
2013-06-15 10:13:01,64.0,36,0
2012-12-09 11:39:06,43.0,24,0
2012-11-18 22:06:17,68.0,3,0
2012-11-01 03:06:43,78.0,16,1
2013-02-09 20:24:55,73.0,88,0
2013-04-16 06:05:58,64.0,77,0
2013-04-24 16:54:51,76.0,0,0
2013-05-08 13:46:34,73.0,4,0
2012-12-31 11:13:27,71.0,27,0
2013-05-17 17:25:15,62.0,221,0
2012-12-18 07:56:34,68.0,28,0
2012-12-20 08:37:44,90.0,61,0
2013-05-08 22:15:41,58.0,19,0
2012-12-27 11:21:45,46.0,6,0
2013-05-12 06:11:34,141.0,145,1
2013-02-28 15:19:54,145.0,16,1
2013-02-19 14:40:31,178.0,94,1
2012-11-21 20:18:25,44.0,32,0
2013-01-09 00:24:45,53.0,21,0
2013-04-14 12:08:05,106.0,21,0
2013-05-28 19:32:14,150.0,25,1
2013-02-02 10:37:23,118.0,5,1
2013-02-18 11:45:16,123.0,81,1
2012-12-08 15:25:51,90.0,14,1
2012-12-22 01:15:09,73.5,0,1
2013-02-13 14:24:31,162.0,23,1
2013-02-27 18:50:40,181.0,16,1
2012-12-30 20:08:35,49.0,3,0
2013-02-03 21:03:49,90.0,7,0
2013-05-14 12:51:46,120.0,1,0
2012-12-19 08:28:11,66.0,7,0
2013-04-03 21:04:38,80.0,35,0
2012-12-26 15:26:42,94.0,2,1
2012-12-23 13:47:19,66.0,1,0
2013-06-30 16:43:40,68.0,8,0
2012-12-27 20:29:05,67.0,19,0
2013-04-24 19:20:13,81.0,28,0
2013-01-10 11:21:09,66.0,1,1
2012-11-28 09:54:49,57.0,27,0
2013-06-01 09:53:35,76.0,8,0
2012-11-07 20:26:03,59.0,17,1
2013-06-09 21:20:51,184.0,19,1
2013-01-21 15:07:40,88.0,138,1
2012-12-17 19:48:07,71.0,6,0
2013-04-21 18:52:00,276.0,5,1
2012-12-03 20:34:56,56.0,21,0
2013-01-14 19:54:55,75.0,26,1
2013-02-20 11:00:18,80.0,163,0
2013-04-30 12:39:39,92.33,54,0
2013-01-07 04:38:43,88.0,0,0
2013-03-20 08:18:54,190.0,18,0
2013-06-18 10:47:52,142.0,38,1
2013-01-08 18:29:31,106.0,32,1
2013-01-21 19:23:56,95.0,158,1
2013-04-16 13:08:06,71.0,8,0
2013-06-07 20:57:59,214.0,1,1
2013-03-06 19:07:51,69.0,18,0
2012-11-18 08:59:13,90.0,12,1
2013-01-13 18:59:24,58.0,74,1
2012-11-24 14:42:02,46.0,25,0
2012-12-31 15:44:15,154.0,46,1
2013-02-05 09:26:39,94.0,135,1
2013-05-19 11:41:29,73.0,8,0
2013-02-19 08:50:46,111.0,3,1
2013-01-12 17:49:07,64.0,15,0
2013-06-08 16:57:50,366.0,14,1
2013-05-08 08:33:53,83.0,5,0
2012-12-26 21:55:53,133.0,3,1
2013-03-01 17:27:13,80.0,109,0
2013-06-03 17:29:24,143.0,26,1
2012-11-09 18:08:40,126.0,0,1
2013-03-15 09:14:07,146.0,0,1
2012-11-15 05:37:40,253.0,55,0
2013-06-05 21:37:33,182.0,87,1
2013-05-28 12:28:28,132.0,52,1
2013-04-01 20:08:54,186.0,8,0
2013-02-21 14:13:38,209.0,29,1
2013-02-26 12:16:22,156.0,22,0
2013-01-14 13:40:16,55.0,217,0
2012-12-28 09:02:28,103.0,132,1
2013-05-08 17:49:29,178.0,11,0
2013-03-08 19:30:45,180.0,77,1
2012-12-02 16:45:19,116.0,26,1
2013-02-09 11:34:07,102.0,13,1
2013-04-07 00:57:49,150.0,0,0
2013-06-14 11:26:27,56.0,23,0
2012-11-10 22:10:22,129.0,131,1
2013-02-25 21:35:49,155.0,82,1
2012-11-18 20:04:54,46.0,0,0
2013-01-14 00:08:14,66.0,6,0
2013-05-09 09:33:25,66.0,48,0
2013-02-18 15:13:04,92.0,20,0
2013-02-26 10:22:29,120.0,11,1
2013-04-18 19:24:37,47.0,2,1
2013-03-07 19:25:29,168.0,7,1
2013-06-17 01:25:45,164.0,26,1
2013-01-13 10:14:23,110.0,32,1
2013-05-26 00:11:05,66.0,7,0
2013-03-02 08:39:58,130.0,28,1
2013-06-11 15:19:16,144.0,22,0
2013-01-15 09:04:59,143.0,3,1
2013-01-15 21:02:30,136.0,11,1
2013-02-25 14:31:30,211.0,25,1
2012-11-26 18:10:18,54.0,28,0
2013-03-12 16:29:11,77.0,95,1
2013-03-02 21:19:26,172.0,33,1
2013-03-01 00:20:51,66.0,58,0
2013-02-08 09:20:40,81.0,6,1
2013-06-17 16:43:51,56.0,13,0
2013-01-19 10:48:00,49.0,5,1
2013-02-25 13:46:34,62.0,28,0
2013-06-12 05:48:01,115.0,80,1
2012-12-04 11:08:57,80.0,2,1
2013-05-28 16:17:35,98.0,1,0
2012-12-05 13:06:37,143.0,23,0
2012-12-27 23:36:59,90.0,1,1
2013-01-09 10:17:46,87.0,78,1
2013-05-23 21:02:37,66.0,10,0
2013-03-17 15:19:16,109.0,192,0
2013-06-07 07:15:03,309.0,22,1
2013-05-01 17:38:47,136.0,7,0
2013-05-19 12:01:58,137.0,48,1
2012-11-01 17:26:52,139.0,1,1
2013-04-30 08:17:46,230.0,17,1
2013-04-02 23:49:57,200.0,3,1
2012-11-01 14:42:39,92.0,79,1
2013-03-27 20:22:20,188.0,51,1
2013-04-23 22:22:20,181.0,38,1
2013-01-12 21:45:00,44.0,1,0
2013-03-21 21:05:27,52.0,10,0
2012-12-22 14:06:55,56.0,2,0
2013-06-20 15:53:49,69.0,40,0
2013-06-16 07:25:27,434.0,6,1
2013-01-01 17:42:02,70.0,4,1
2013-02-11 12:20:23,111.0,65,0
2012-11-19 23:45:54,87.0,37,0
2013-03-13 13:23:35,63.0,18,0
2012-11-09 07:55:23,97.0,14,1
2012-12-11 00:02:26,198.0,26,0
2013-04-19 22:12:22,124.0,16,0
2012-11-23 06:21:38,84.0,34,1
2013-06-04 07:08:47,87.0,0,0
2013-04-29 15:29:48,165.0,7,0
2013-03-07 19:44:40,160.0,9,1
2013-06-14 10:10:34,131.0,77,1
2013-04-11 11:13:39,147.0,35,1
2013-06-21 12:46:50,112.0,48,1
2012-12-20 09:43:53,69.0,1,1
2013-06-11 10:23:24,64.0,7,0
2013-06-26 03:49:27,71.0,46,0
2013-06-07 12:56:06,165.0,22,1
2013-06-04 22:20:24,130.0,3,1
2013-06-02 20:28:11,72.0,15,0
2013-04-11 23:39:04,62.0,119,1
2013-01-27 12:09:46,149.0,20,1
2013-06-09 18:08:22,64.0,58,0
2013-05-30 23:23:12,56.0,46,0
2012-11-25 15:40:17,40.0,22,0
2013-01-09 19:14:06,94.0,10,1
2013-03-13 13:47:20,103.0,15,1
2013-06-29 22:57:16,79.0,25,0
2012-12-24 10:41:09,153.0,53,1
2013-05-15 14:00:07,71.0,27,0
2013-02-21 15:39:01,88.0,24,0
2013-06-13 09:25:29,68.0,193,0
2013-06-09 18:58:47,64.0,66,0
2013-02-19 15:13:49,62.0,35,0
2013-06-03 00:44:58,151.0,11,1
2013-04-09 09:07:46,60.0,55,0
2013-03-21 18:41:35,112.0,0,1
2013-03-19 19:42:11,152.0,46,1
2013-02-28 15:39:42,92.0,1,0
2013-03-26 12:44:27,131.0,14,0
2013-01-15 18:29:22,158.0,3,1
2013-03-02 17:29:53,77.0,43,0
2013-03-24 09:34:01,122.0,5,1
2012-12-30 15:56:29,66.0,29,0
2013-06-13 21:09:44,50.0,81,0
2013-05-17 19:43:16,71.0,136,0
2012-11-13 09:16:30,46.0,7,0
2013-03-23 10:36:47,67.0,71,0
2013-04-23 11:28:23,68.0,96,0
2013-05-16 14:15:50,67.0,115,0
2013-03-03 05:39:27,97.0,14,0
2013-03-01 08:01:48,198.0,14,1
2012-12-27 21:03:12,236.0,3,0
2013-04-24 19:49:49,98.0,20,0
2013-01-06 20:41:13,154.0,33,1
2013-06-20 16:22:47,69.0,25,0
2013-05-23 13:27:37,77.03,4,0
2012-12-19 23:32:57,106.0,9,1
2012-11-30 23:46:18,86.0,43,1
2013-04-13 17:38:09,56.0,99,0
2013-02-11 21:52:25,100.0,17,1
2013-01-11 23:08:17,60.0,9,0
2013-01-10 00:27:31,180.0,37,1
2012-12-31 20:21:59,66.0,27,0
2012-12-25 17:27:50,111.0,54,0
2013-06-27 11:27:58,161.0,1,1
2013-02-11 19:59:05,133.0,36,0
2013-04-08 15:25:15,70.0,24,1
2013-03-28 16:02:04,130.0,44,1
2013-01-01 09:46:47,60.0,15,0
2013-06-16 07:52:09,124.0,7,0
2013-03-04 18:05:17,65.0,98,0
2013-03-18 21:41:53,106.0,115,1
2012-12-21 10:10:19,84.0,22,0
2013-04-25 12:50:15,126.0,0,1
2013-03-06 11:26:13,143.0,13,0
2012-12-18 19:47:24,68.0,3,1
2013-04-06 19:18:04,155.0,50,0
2013-03-02 22:30:01,146.0,7,1
2012-11-10 09:00:03,124.0,111,1
2013-04-01 20:14:42,141.0,88,1
2013-01-03 06:43:46,62.0,137,0
2012-11-08 19:17:27,63.0,54,0
2013-05-18 19:30:11,56.0,50,0
2013-05-31 08:51:34,76.0,9,0
2013-05-10 04:11:04,95.0,0,1
2013-01-18 21:06:42,149.0,0,1
2012-12-04 07:57:40,253.0,34,0
2013-06-24 11:14:10,146.0,67,1
2012-11-20 12:11:56,275.0,48,0
2013-06-18 11:48:07,142.0,38,1
2012-12-26 11:12:37,225.0,3,1
2012-12-09 17:01:16,287.0,21,0
2013-02-09 11:13:54,119.0,14,1
2012-12-23 17:14:52,76.0,3,0
2012-11-24 21:26:12,40.0,17,0
2013-01-02 03:55:26,43.0,0,0
2013-03-23 21:35:05,52.0,8,0
2013-02-01 20:48:53,156.0,48,1
2012-12-12 21:14:51,123.0,16,1
2013-06-11 12:29:47,143.0,31,1
2013-01-21 16:05:12,88.0,19,1
2013-04-18 21:46:16,63.0,24,0
2012-11-20 19:29:39,53.0,1,0
2013-04-10 21:46:07,145.0,1,1
2013-06-14 08:41:32,69.0,3,0
2013-05-31 10:33:41,134.0,42,1
2012-11-28 19:17:03,108.0,2,1
2013-01-17 22:51:42,60.86,3,0
2013-02-08 05:31:51,83.0,13,1
2013-03-18 15:58:56,64.0,60,1
2013-04-14 13:44:11,82.0,145,0
2013-05-02 10:29:42,155.0,18,0
2013-04-07 18:06:45,70.0,14,0
2012-11-07 22:13:15,160.0,10,1
2013-04-04 14:07:11,185.0,3,0
2012-11-29 20:13:55,124.0,50,1
2013-05-21 20:09:08,81.0,62,0
2013-05-24 21:47:38,117.0,76,1
2013-04-27 12:13:44,57.0,2,0
2013-04-22 07:54:59,52.0,36,0
2013-05-11 15:28:45,60.0,57,0
2013-05-05 13:23:17,66.0,56,0
2013-01-11 08:12:48,88.0,32,0
2013-04-23 11:28:12,120.0,94,1
2013-05-13 15:00:59,170.0,13,0
2013-05-29 09:57:51,164.0,30,1
2012-12-20 08:39:00,71.0,3,0
2013-02-06 15:44:18,59.0,7,0
2013-02-19 21:16:38,103.0,1,0
2013-05-13 23:05:10,66.0,35,0
2013-05-02 22:41:36,105.99,0,1
2013-04-19 19:51:01,64.0,54,0
2013-01-05 13:43:05,70.0,15,0
2012-12-26 16:50:33,106.0,1,1
2013-04-18 15:02:05,76.0,3,0
2012-11-11 21:01:52,64.0,41,1
2013-03-21 01:15:17,104.0,77,1
2013-03-02 16:00:45,95.0,118,1
2013-05-03 18:05:28,76.0,9,0
2012-12-11 11:55:29,84.0,3,1
2013-02-16 14:49:20,150.0,1,0
2013-01-17 12:59:12,151.0,29,1
2013-06-25 17:55:28,113.0,7,0
2012-12-08 20:01:05,66.0,15,0
2013-04-12 23:24:19,49.0,4,0
2013-06-05 10:30:26,79.0,96,0
2013-01-20 16:23:52,115.0,18,1
2013-02-12 17:42:50,152.0,54,0
2012-12-27 16:46:49,129.0,13,0
2013-04-14 14:21:02,63.0,71,0
2013-05-30 12:16:47,86.0,34,0
2013-06-08 12:47:20,121.0,15,0
2013-06-20 22:01:58,54.0,10,0
2012-12-22 18:58:35,81.0,4,0
2012-11-29 22:48:20,50.0,4,0
2013-02-21 21:52:45,134.0,8,1
2013-01-08 16:07:59,141.0,31,1
2013-05-14 12:22:25,268.0,38,1
2012-12-21 20:30:49,68.0,2,0
2013-04-13 10:32:33,94.0,43,0
2013-05-20 21:01:05,74.0,2,0
2012-11-07 19:11:07,92.0,6,0
2013-01-22 11:48:47,124.0,44,1
2013-01-06 17:59:27,48.0,15,0
2013-06-04 17:57:20,133.0,102,1
2013-03-27 06:15:05,156.0,65,1
2012-12-31 13:08:49,91.0,87,1
2013-01-29 12:45:55,104.0,106,0
2013-04-17 15:30:31,76.0,6,0
2013-01-16 13:13:49,115.0,22,1
2012-11-27 00:00:43,61.0,38,1
2013-06-14 20:58:03,151.0,5,0
2013-04-11 13:35:38,92.0,2,1
2013-02-05 10:03:13,150.0,4,1
2013-06-10 10:54:43,119.0,115,1
2013-02-09 18:40:04,188.0,34,1
2013-04-06 18:05:11,178.0,1,0
2013-04-23 01:22:48,103.0,73,1
2013-06-04 23:47:03,121.0,10,1
2012-12-07 23:52:33,118.0,132,1
2013-02-11 19:04:20,128.0,12,1
2013-02-12 08:45:23,56.0,168,0
2013-03-25 09:14:05,71.0,1,0
2013-05-29 20:23:04,56.0,39,0
2012-11-04 10:10:45,59.0,1,0
2013-03-20 13:56:13,60.0,5,0
2013-03-17 07:38:48,370.0,5,1
2012-11-28 14:47:26,37.0,19,0
2013-03-06 07:03:35,193.0,9,1
2012-11-21 19:03:01,289.0,10,1
2013-06-27 09:21:40,70.0,17,0
2013-06-03 14:47:33,121.0,4,1
2012-11-07 15:00:54,118.0,8,1
2012-11-27 19:13:18,52.0,23,1
2012-11-03 23:38:09,155.0,6,1
2012-12-07 22:54:42,56.0,14,1
2013-05-07 00:14:32,140.0,31,1
2013-01-14 16:04:44,55.0,6,0
2012-11-07 18:52:58,43.0,12,0
2013-01-23 15:44:56,68.0,6,0
2012-11-05 15:15:23,43.0,42,0
2013-04-02 23:12:14,148.0,11,1
2012-11-28 14:11:46,116.0,99,1
2013-01-18 09:27:29,118.0,42,1
2013-03-09 15:05:19,97.0,111,1
2013-02-17 20:49:53,182.0,124,1
2012-12-04 18:20:57,56.0,8,0
2013-01-22 11:15:29,52.0,145,0
2013-05-07 23:42:32,117.0,66,1
2013-03-12 13:38:07,190.0,66,1
2013-04-12 14:53:43,50.0,3,0
2012-11-28 21:43:23,55.0,24,1
2012-11-11 21:49:33,63.0,32,1
2013-03-23 23:51:20,56.0,2,0
2013-06-22 09:20:24,319.0,0,1
2013-01-16 14:23:19,63.0,131,0
2012-11-15 20:37:00,80.0,95,0
2013-03-02 16:32:55,109.0,74,0
2013-01-15 08:57:23,58.0,48,0
2013-06-20 07:27:07,229.0,1,1
2013-02-09 09:59:17,85.0,48,1
2013-03-04 03:14:00,66.0,154,0
2013-06-29 09:39:47,52.0,1,0
2013-02-10 07:17:00,99.0,7,0
2012-12-25 15:51:47,51.0,7,0
2013-05-20 17:58:14,231.0,32,1
2013-06-16 19:24:44,72.0,56,0
2013-04-11 07:12:18,103.0,77,1
2012-11-09 16:26:29,123.0,14,1
2013-05-31 23:21:30,116.0,23,0
2012-11-20 03:16:11,65.0,12,0
2013-04-27 05:32:38,50.0,130,0
2012-11-28 20:38:27,102.0,30,1
2012-12-28 01:07:14,53.0,4,0
2012-12-06 12:55:16,71.0,21,1
2012-12-08 23:00:29,90.0,14,1
2013-04-10 10:13:41,86.0,35,0
2013-05-17 18:18:27,103.0,47,0
2013-01-27 13:12:07,117.0,55,1
2012-12-27 10:23:13,95.0,107,1
2012-12-12 06:00:38,111.0,38,1
2013-01-28 13:03:13,134.0,10,1
2012-12-13 22:53:41,82.0,22,1
2013-01-25 13:56:43,62.0,93,0
2013-05-08 10:29:36,145.0,72,1
2013-03-17 10:51:32,108.0,212,0
2012-11-16 12:12:49,80.0,8,1
2013-05-12 17:03:59,146.0,34,1
2012-12-26 11:21:30,63.0,17,1
2013-06-21 22:00:36,64.0,17,0
2013-06-23 08:09:55,69.0,22,0
2012-12-26 18:13:02,95.0,64,1
2013-03-05 11:00:45,204.0,15,0
2013-03-12 07:52:50,250.0,11,1
2013-01-14 13:34:15,84.0,40,1
2013-03-12 19:55:07,185.0,38,1
2013-06-25 16:49:47,54.0,5,0
2013-02-01 01:13:47,65.0,51,0
2013-05-27 16:23:31,118.0,3,1
2013-03-12 16:32:24,138.0,17,1
2013-05-25 21:31:49,182.0,6,1
2012-12-11 08:15:00,273.0,29,0
2013-06-18 08:43:31,282.0,87,1
2013-01-31 00:13:09,118.0,6,0
2013-03-13 21:42:29,76.0,15,1
2013-06-13 16:51:46,74.0,20,0
2013-01-17 12:50:25,112.0,2,1
2013-02-13 10:14:44,118.0,44,1
2012-11-26 08:18:53,102.0,3,1
2013-06-08 11:23:03,114.0,41,1
2012-11-26 10:44:12,121.0,4,1
2013-02-01 22:31:23,102.0,1,1
2012-12-24 20:57:02,62.0,11,1
2012-12-11 14:06:32,64.0,24,1
2013-03-01 12:12:46,66.0,2,0
2013-06-14 10:14:16,192.0,6,1
2013-05-21 14:23:52,96.0,50,0
2012-11-01 19:59:06,60.0,51,1
2013-03-06 10:44:04,90.0,11,0
2013-06-11 16:28:21,129.0,9,1
2012-11-22 14:05:02,50.0,2,1
2013-05-01 13:51:31,50.0,0,0
2013-06-19 15:01:16,134.0,7,0
2013-02-08 13:55:22,97.0,48,1
2013-05-14 19:56:30,536.0,0,0
2013-06-06 12:16:28,58.0,12,0
2012-11-28 08:54:39,84.0,8,1
2013-04-19 07:25:31,107.0,21,1
2013-06-19 21:02:42,91.0,31,1
2012-12-21 17:16:12,273.0,9,0
2013-05-13 23:24:03,99.0,93,0
2013-04-16 23:48:36,125.0,16,1
2013-04-04 11:12:30,200.0,1,1
2012-12-03 12:19:28,71.0,40,1
2013-01-16 18:29:45,61.0,4,0
2012-12-04 20:55:35,109.0,24,1
2013-02-19 13:26:59,102.0,21,0
2013-01-22 07:10:19,178.0,10,1
2013-05-01 21:45:48,163.0,9,1
2013-03-20 06:40:30,78.0,267,1
2012-12-28 14:24:39,104.0,68,0
2013-01-13 11:41:22,111.0,5,1
2013-03-06 14:38:57,144.0,36,1
2012-11-11 11:01:35,46.0,10,0
2013-01-25 16:01:26,59.0,37,0
2013-05-29 15:19:00,222.53,23,1
2013-01-08 18:00:58,90.0,214,1
2013-01-28 23:02:13,116.0,47,1
2013-05-24 18:45:51,105.0,8,1
2012-12-03 17:10:25,56.0,21,0
2012-12-24 01:28:14,135.0,4,1
2013-05-07 15:28:28,78.0,42,0
2013-02-09 10:55:23,152.0,57,0
2013-05-27 14:28:43,92.0,52,1
2013-02-13 12:08:24,89.0,121,1
2013-01-27 06:28:39,94.0,1,0
2012-11-08 19:11:35,178.0,1,1
2013-06-21 15:13:51,199.0,0,1
2013-01-06 12:36:12,131.0,96,1
2013-06-10 12:02:12,129.0,24,1
2013-05-30 19:42:51,118.0,63,1
2013-04-09 07:41:01,112.0,121,1
2013-03-06 05:13:25,108.0,64,1
2013-03-07 13:28:15,71.0,17,0
2013-04-11 22:23:25,106.0,6,0
2013-01-07 17:20:48,81.0,148,0
2013-01-22 09:36:25,74.0,49,0
2013-03-20 19:02:20,110.29,24,1
2012-11-20 14:29:35,46.0,0,0
2013-05-20 23:09:50,74.0,2,0
2013-01-10 08:54:41,64.0,20,0
2013-01-19 02:08:28,64.0,9,0
2013-01-02 12:01:27,100.0,167,0
2013-05-24 13:37:05,201.0,8,1
2013-02-28 09:47:10,148.0,225,1
2012-12-14 13:11:47,39.0,5,0
2013-06-19 21:00:49,115.0,30,1
2013-03-04 15:13:15,196.0,5,1
2013-05-11 11:49:21,141.0,90,1
2012-12-09 11:10:26,110.0,41,1
2012-11-07 23:22:54,46.0,13,0
2013-06-19 15:19:45,52.0,12,0
2012-12-31 08:25:26,425.0,0,0
2013-06-19 16:07:12,66.0,33,0
2013-01-13 21:00:26,62.0,23,0
2013-02-16 16:52:36,150.0,1,0
2012-12-26 18:11:07,133.0,3,1
2012-12-01 15:56:35,46.0,9,0
2013-02-06 12:41:08,118.0,16,1
2013-05-10 10:09:16,60.0,66,0
2013-02-08 19:53:12,190.0,1,1
2013-01-05 12:30:30,151.0,118,1
2012-11-08 15:04:23,46.0,12,0
2012-11-22 18:55:17,48.0,29,1
2013-04-02 09:28:53,208.0,3,1
2012-12-23 14:04:51,43.0,10,0
2013-05-03 12:49:25,109.0,19,0
2013-03-10 23:39:20,66.0,16,0
2013-06-26 06:29:15,62.0,11,0
2012-12-22 15:01:44,43.0,11,0
2013-02-11 16:35:05,115.0,11,1
2012-12-14 03:40:53,56.0,11,0
2013-03-05 16:38:20,71.0,22,0
2013-04-16 11:29:06,72.0,27,0
2012-11-30 12:25:20,66.0,44,0
2013-06-08 15:50:12,63.0,36,0
2013-05-17 18:41:03,58.0,44,0
2013-03-27 22:26:03,66.0,21,0
2012-12-03 12:13:58,77.0,41,0
2012-11-07 14:43:38,131.0,23,1
2013-02-12 14:31:26,150.0,4,1
2012-12-16 18:15:46,86.0,8,0
2013-06-29 21:09:46,72.0,44,0
2012-11-07 21:40:03,47.0,32,0
2012-11-30 22:42:31,75.0,51,0
2012-11-06 13:29:51,46.0,43,0
2012-11-17 07:27:16,56.0,36,0
2013-06-18 18:04:56,149.0,8,0
2013-02-07 22:28:29,61.0,171,0
2013-03-16 20:42:11,198.0,70,1
2013-04-17 10:00:04,116.0,35,0
2013-05-01 20:58:47,119.0,20,0
2012-12-23 11:08:40,84.0,39,1
2012-12-12 13:25:43,43.0,22,1
2013-04-12 09:51:30,174.0,42,1
2013-02-05 13:13:49,141.0,3,1
2013-03-04 12:05:47,133.0,5,1
2013-05-25 11:44:37,56.0,43,0
2012-12-21 06:06:08,56.0,0,1
2013-01-24 23:39:08,109.0,1,1
2013-05-03 16:46:03,140.0,35,1
2013-05-04 12:30:56,165.0,16,0
2013-03-18 19:07:14,106.0,103,1
2013-03-13 09:43:10,129.0,52,0
2013-02-15 11:38:50,67.0,45,0
2013-06-14 17:11:29,57.0,60,0
2013-01-06 18:53:51,140.0,76,1
2012-11-21 17:01:19,70.0,56,0
2013-06-19 15:22:27,103.0,124,0
2013-03-07 14:38:48,130.0,121,1
2013-05-03 17:29:22,50.0,124,0
2012-12-14 01:37:09,123.0,14,1
2013-06-24 20:44:23,50.0,64,0
2013-03-23 02:18:28,56.0,3,0
2012-11-04 14:50:34,76.0,20,1
2013-01-16 12:53:08,107.0,15,1
2012-11-05 18:36:01,127.0,25,1
2013-01-09 18:09:20,141.0,30,1
2013-05-22 19:30:48,142.0,16,1
2013-06-02 00:54:47,132.0,47,1
2013-05-08 18:15:01,45.0,19,0
2012-11-17 16:32:28,118.0,5,1
2013-05-22 21:05:49,159.0,4,0
2013-01-26 00:03:05,82.0,60,0
2012-12-30 18:59:11,121.0,19,1
2013-04-27 20:11:55,55.0,3,0
2013-05-24 13:18:49,55.0,3,0
2013-03-18 20:46:53,233.0,18,1
2013-06-05 11:44:31,149.0,9,1
2013-03-12 19:14:13,140.0,5,0
2012-11-01 23:43:51,54.0,63,1
2013-04-08 13:55:33,67.0,20,0
2013-06-11 18:31:01,146.0,32,1
2012-12-20 16:09:15,122.0,9,1
2013-03-08 18:59:06,158.0,11,0
2013-05-29 23:02:13,144.0,2,1
2013-06-26 14:08:04,64.0,11,0
2012-11-23 20:07:54,99.0,97,1
2013-01-12 15:26:39,102.0,138,1
2013-01-19 23:47:51,76.0,25,0
2013-02-13 19:19:03,138.0,16,1
2013-03-17 21:30:44,63.0,79,0
2012-12-28 11:37:54,60.0,4,0
2013-03-29 15:14:33,86.0,4,0
2013-01-03 11:54:29,80.0,47,0
2012-11-11 13:01:40,110.0,18,1
2013-01-07 11:20:13,88.0,3,1
2013-04-30 22:20:12,188.0,31,1
2013-03-08 10:29:25,132.0,5,0
2013-05-03 21:33:58,106.0,71,1
2013-04-30 19:36:15,75.0,63,0
2013-02-03 16:46:20,104.0,2,0
2012-12-23 08:36:13,62.0,0,0
2013-02-21 19:32:52,47.0,95,0
2013-05-22 15:34:59,62.0,277,0
2013-01-21 21:49:03,78.0,64,0
2013-01-29 07:30:41,51.0,106,0
2013-06-04 12:42:29,121.0,23,1
2012-11-07 07:56:14,111.0,16,1
2013-01-27 06:36:57,103.0,7,0
2013-04-29 19:39:58,192.0,17,1
2013-03-05 17:48:41,114.0,57,0
2013-05-09 19:40:50,218.0,15,1
2013-06-13 23:05:16,82.0,3,0
2013-03-20 08:38:45,87.0,52,1
2013-01-09 18:09:45,66.0,1,1
2013-01-07 11:18:02,116.0,39,1
2013-02-14 16:32:46,173.0,2,1
2012-11-13 16:27:35,116.0,178,1
2013-02-15 13:50:51,196.0,2,0
2012-12-16 08:39:04,66.0,35,0
2012-12-26 11:24:59,131.0,12,0
2013-04-11 14:37:32,67.0,74,0
2012-12-22 13:47:31,273.0,8,0
2013-03-17 20:18:46,86.0,25,1
2013-01-11 15:14:39,60.0,3,0
2012-11-16 21:03:15,46.0,3,0
2012-11-01 14:20:52,211.0,232,1
2013-02-10 23:59:31,77.0,45,0
2013-05-30 17:31:34,51.0,3,0
2013-02-26 22:32:52,89.0,2,1
2012-12-07 22:02:34,131.0,1,1
2013-01-18 15:28:35,61.0,2,0
2013-06-13 12:29:55,159.0,1,1
2013-01-30 13:56:14,170.0,93,1
2013-06-24 20:04:54,96.0,112,0
2013-02-28 09:42:49,148.0,225,1
2013-01-05 12:42:07,70.0,6,1
2013-01-30 22:30:58,61.0,14,0
2013-05-31 21:10:31,55.0,5,0
2013-01-09 16:40:45,66.0,11,0
2013-04-10 15:29:12,60.0,95,0
2013-01-09 08:58:39,44.0,138,0
2013-05-09 05:18:45,68.0,18,0
2013-02-12 12:33:23,71.0,111,0
2013-02-28 16:51:06,65.41,0,1
2013-06-25 21:56:29,140.0,24,1
2012-12-26 17:05:33,66.0,1,1
2013-06-07 15:28:19,179.0,21,1
2013-05-21 18:44:40,118.0,44,1
2013-04-09 14:35:48,50.0,7,0
2013-03-05 17:30:21,67.0,104,0
2012-11-07 14:07:01,71.0,16,0
2013-04-16 01:53:54,175.0,17,1
2013-04-23 15:30:38,174.0,9,1
2013-01-28 21:32:46,116.0,10,1
2013-06-11 23:41:12,154.0,3,1
2013-04-30 08:52:11,62.0,61,0
2013-01-02 09:29:25,74.0,42,0
2012-12-15 19:45:49,48.0,5,1
2013-06-24 14:17:37,209.0,11,1
2012-11-30 12:59:45,134.0,110,0
2013-03-20 20:13:52,128.0,38,1
2013-06-02 12:09:51,105.0,11,1
2012-12-31 09:05:16,73.0,4,1
2013-06-16 07:17:40,69.0,0,0
2013-03-15 00:07:39,185.0,28,1
2013-05-16 20:11:39,170.0,3,0
2012-12-01 13:18:50,76.0,25,0
2013-06-16 23:08:20,69.0,3,0
2013-04-22 15:29:05,59.0,6,0
2013-03-18 09:54:13,80.0,6,0
2013-05-27 10:09:07,93.0,40,1
2013-01-07 14:18:03,66.0,3,1
2013-03-31 16:56:10,50.0,1,0
2013-04-26 10:23:29,100.0,119,1
2013-02-27 06:44:27,68.0,28,0
2013-04-14 14:49:57,90.0,161,0
2012-12-17 11:03:03,81.0,5,1
2013-01-16 16:05:37,57.0,13,0
2012-11-02 01:40:12,98.0,19,0
2013-01-25 14:02:19,109.0,0,1
2012-11-23 12:02:30,238.0,45,0
2013-03-23 07:05:16,144.0,27,1
2013-01-07 22:39:53,52.0,182,0
2013-03-19 12:53:56,182.52,1,0
2012-11-22 22:37:10,73.0,50,1
2013-01-14 12:53:15,58.0,6,0
2013-02-05 13:04:18,145.0,3,1
2013-04-16 14:58:36,81.0,25,1
2013-03-07 15:47:48,138.0,22,1
2013-06-17 12:16:45,189.0,11,1
2012-12-28 13:57:48,120.0,1,1
2013-06-12 21:20:30,60.0,35,0
2013-05-13 09:20:19,268.0,39,1
2013-02-20 16:54:27,169.0,23,1
2013-04-13 20:09:00,58.0,86,0
2013-04-14 22:51:10,127.5,55,1
2013-06-20 10:46:51,87.0,54,0
2012-12-27 16:38:47,162.0,12,0
2013-02-14 19:59:43,186.0,50,1
2013-01-13 10:15:46,61.0,17,0
2013-04-24 21:12:15,100.0,50,1
2012-12-30 12:16:20,203.0,0,0
2012-12-23 00:48:51,100.0,56,0
2013-02-23 04:50:26,94.0,17,0
2012-11-27 14:06:43,136.0,11,1
2013-04-22 14:19:04,152.0,33,1
2012-12-19 10:00:54,106.0,37,1
2013-05-08 12:20:24,87.0,28,0
2013-05-16 08:47:46,66.0,40,0
2013-04-10 11:47:03,80.0,179,0
2012-12-21 18:19:34,76.0,5,0
2012-11-05 04:45:30,60.0,0,0
2013-03-01 12:17:02,90.0,4,0
2013-06-03 07:06:09,74.0,30,0
2013-06-14 22:31:14,87.0,32,0
2013-03-24 12:27:15,52.0,7,0
2012-11-26 02:54:47,76.0,58,0
2013-04-07 06:54:21,188.0,1,0
2012-12-09 22:21:53,87.0,33,1
2012-12-19 18:23:04,71.0,4,0
2013-01-03 12:25:19,113.0,98,1
2013-01-01 23:22:56,70.0,4,1
2013-01-25 19:27:29,92.0,36,1
2013-03-25 20:17:45,137.0,5,1
2012-11-29 17:13:58,166.0,72,1
2013-05-08 13:39:24,90.0,168,0
2013-03-13 12:02:31,130.0,17,1
2013-02-03 21:56:01,85.0,1,0
2013-03-04 18:00:40,178.0,16,0
2013-06-27 19:47:27,54.0,12,0
2013-02-17 10:31:13,62.0,171,0
2013-04-10 14:37:54,87.0,40,0
2012-11-26 22:12:03,57.0,25,1
2013-05-01 12:38:55,115.0,43,1
2013-05-09 13:11:12,145.0,29,1
2013-05-06 10:54:39,143.0,17,0
2013-02-14 13:06:12,62.0,73,0
2013-01-17 15:53:43,78.0,70,1
2012-12-19 11:40:17,68.0,2,1
2013-04-24 06:20:33,142.0,25,0
2013-02-09 15:01:59,131.0,21,1
2013-06-25 09:16:13,162.0,31,1
2013-02-25 10:32:25,105.0,4,1
2013-02-15 23:13:38,81.0,24,0
2013-02-16 17:03:42,62.0,8,0
2013-02-05 19:57:46,112.0,13,0
2013-01-02 21:03:38,116.0,38,1
2013-01-24 17:56:58,73.0,0,1
2012-11-04 21:30:33,141.0,12,1
2013-03-01 11:31:23,135.0,15,1
2013-06-21 10:45:23,149.0,8,1
2013-04-18 11:07:19,153.0,16,1
2012-11-11 14:04:26,88.0,74,1
2013-03-27 16:58:18,169.0,11,0
2013-06-11 16:59:47,78.0,179,1
2013-03-23 20:56:14,55.0,66,0
2013-05-09 23:20:57,60.0,3,0
2013-01-18 16:50:12,70.0,23,0
2013-04-08 20:55:23,143.0,3,1
2013-05-07 09:57:53,100.0,44,1
2013-04-29 21:24:17,188.0,32,1
2013-03-05 09:50:11,89.0,62,0
2013-05-05 14:23:06,210.0,12,1
2013-02-28 08:21:55,127.0,9,1
2013-04-17 17:49:23,63.0,53,0
2012-12-26 14:28:40,141.0,15,1
2012-12-09 16:04:54,39.0,8,0
2013-01-07 16:55:39,73.0,3,1
2013-01-17 17:35:51,102.0,288,1
2013-01-15 20:17:31,70.0,1,0
2013-05-29 17:36:58,81.0,21,0
2013-01-14 13:53:11,63.0,125,0
2013-04-28 22:12:39,101.0,3,0
2013-06-26 20:26:32,139.0,37,1
2013-05-22 16:41:24,118.0,71,1
2012-11-10 18:55:52,143.0,145,1
2012-11-21 19:54:37,48.0,31,1
2012-11-24 08:57:57,40.0,1,0
2013-05-06 09:31:38,201.0,25,1
2012-11-05 09:09:11,158.0,5,1
2013-02-04 08:50:00,165.0,11,1
2013-03-04 21:06:28,156.0,14,0
2012-11-15 22:12:54,59.0,38,0
2013-06-30 20:07:12,169.0,27,1
2013-06-10 23:19:06,154.0,4,1
2013-06-22 21:04:49,184.0,42,1
2013-06-14 14:01:32,69.0,5,0
2012-12-27 21:41:26,236.0,3,0
2013-06-06 16:10:10,64.0,12,0
2013-06-07 16:18:51,319.0,8,1
2012-11-01 15:53:42,107.0,21,1
2013-03-04 08:20:33,96.0,1,0
2012-11-15 12:44:01,56.0,38,0
2013-06-10 10:10:30,156.0,25,1
2012-11-15 22:15:19,94.0,8,1
2013-05-07 16:49:40,141.0,94,1
2013-02-07 13:55:06,85.0,33,0
2012-12-17 21:40:21,98.0,20,0
2013-05-18 09:09:28,125.0,47,1
2013-03-22 16:10:25,190.0,13,1
2012-12-19 14:05:55,114.0,44,1
2013-01-24 18:12:42,111.0,16,1
2013-02-11 12:50:31,146.0,5,1
2013-03-06 19:53:30,190.0,15,1
2013-02-09 07:44:22,167.0,6,1
2013-05-16 17:09:05,115.0,22,1
2013-05-01 12:03:20,46.0,228,0
2013-03-15 13:00:28,66.0,10,0
2013-05-07 20:22:07,118.0,4,1
2012-11-16 08:09:17,46.0,9,0
2013-03-15 18:50:10,81.0,110,0
2013-05-22 14:48:35,164.0,37,1
2012-11-28 20:50:25,108.0,2,1
2012-11-12 12:22:25,47.0,14,0
2013-05-15 11:39:46,213.0,9,1
2013-02-04 20:26:30,122.0,25,1
2012-11-04 14:08:09,66.0,31,0
2012-11-07 07:16:16,111.0,16,1
2013-02-26 12:45:35,94.0,14,0
2013-01-10 06:58:05,107.0,28,1
2013-05-27 02:43:54,56.0,17,1
2013-04-10 19:47:36,208.0,23,1
2012-11-30 13:19:11,50.0,3,0
2012-12-29 18:19:08,66.0,46,0
2012-12-26 15:38:23,94.0,2,1
2013-02-02 20:31:18,118.0,13,1
2012-12-16 19:18:22,39.0,4,1
2013-05-16 12:58:46,121.0,0,1
2013-06-05 12:35:56,49.0,1,1
2013-04-05 15:55:56,246.0,1,1
2013-04-26 01:51:16,176.0,23,0
2013-03-04 15:06:02,230.0,18,1
2013-04-08 09:55:21,128.0,32,1
2013-04-04 20:53:39,195.0,15,1
2013-04-29 15:36:36,66.0,58,0
2013-05-29 14:09:12,114.0,58,1
2013-06-24 17:02:54,176.0,39,1
2012-12-21 07:59:58,71.0,11,0
2013-03-24 11:01:06,62.0,8,0
2012-11-09 11:42:03,230.0,1,1
2013-03-14 19:33:43,66.0,47,0
2013-01-11 15:30:38,114.0,15,1
2012-12-03 21:58:10,72.0,19,1
2013-01-22 00:29:19,50.0,21,0
2013-01-04 12:47:56,70.0,7,1
2013-03-01 12:32:50,208.0,35,1
2013-05-15 11:06:34,71.0,40,0
2012-12-07 21:07:32,66.0,108,0
2013-02-17 19:47:18,65.0,36,0
2013-02-08 19:55:58,165.0,8,1
2013-01-27 15:29:12,94.0,1,0
2013-05-23 08:16:50,116.0,1,1
2013-04-19 19:41:09,185.0,62,1
2013-05-30 04:11:51,125.0,14,1
2012-11-06 15:40:15,220.0,4,1
2013-02-15 03:53:55,137.0,8,1
2013-04-15 15:29:57,272.0,4,1
2012-12-22 19:28:12,172.0,181,1
2013-02-25 05:32:40,62.0,63,0
2012-12-20 17:22:52,296.0,10,0
2013-06-13 10:26:01,66.0,47,0
2013-01-17 08:23:27,79.0,0,1
2013-05-14 19:18:26,223.0,11,1
2013-02-17 12:45:51,75.0,11,1
2013-05-08 16:53:23,92.0,18,0
2012-12-03 18:50:59,146.0,26,1
2012-11-16 17:35:24,66.0,35,1
2013-03-22 10:16:25,53.0,66,0
2013-05-12 23:46:14,120.0,3,0
2012-12-16 23:18:36,39.0,2,0
2012-11-19 23:05:21,80.0,3,1
2013-01-30 17:02:36,121.0,9,1
2013-04-09 09:17:19,196.0,3,1
2013-05-25 13:17:05,66.0,15,0
2013-02-02 20:25:31,123.0,20,1
2012-12-22 07:25:23,273.0,8,0
2013-01-25 09:36:21,144.0,49,1
2013-05-10 10:03:02,60.0,17,0
2013-03-08 15:32:43,90.0,2,0
2012-12-19 16:30:21,99.15,9,1
2012-12-14 08:17:29,39.0,4,0
2012-11-24 12:44:15,140.0,34,0
2013-03-30 15:25:31,50.0,59,0
2013-06-05 20:01:32,60.0,21,0
2013-01-15 18:02:42,102.0,74,1
2013-06-17 20:59:17,62.0,1,0
2013-02-16 09:04:56,106.0,98,0
2012-11-19 08:23:42,56.0,2,0
2013-02-18 16:25:24,94.0,3,1
2013-01-23 19:01:41,105.0,52,1
2013-05-14 12:33:00,60.0,22,0
2013-06-10 12:47:19,88.0,3,1
2012-11-21 23:26:36,134.0,10,1
2013-02-08 12:25:51,155.0,0,1
2013-04-16 23:15:11,126.0,37,0
2013-03-14 08:53:42,250.0,8,1
2012-11-26 18:47:38,44.0,28,0
2013-06-30 07:03:56,152.0,11,1
2012-12-02 18:51:08,75.0,19,1
2012-12-28 15:37:06,298.0,11,0
2013-01-20 13:13:39,68.0,159,0
2013-04-14 09:01:23,82.0,100,0
2013-01-20 12:45:29,147.0,47,1
2013-06-16 21:45:38,141.0,33,1
2013-01-09 15:41:15,154.0,30,1
2013-05-14 08:47:24,150.0,32,1
2013-03-25 08:54:17,133.0,14,0
2013-01-21 12:32:00,122.0,40,1
2013-03-22 12:13:50,131.0,22,1
2013-04-13 08:13:10,71.0,8,0
2013-02-12 17:51:52,204.0,37,1
2013-02-20 20:39:00,153.0,58,1
2013-02-11 00:18:49,112.0,46,1
2012-11-12 09:53:42,55.01,7,0
2013-06-18 08:24:28,108.0,164,1
2013-04-18 07:16:46,81.0,5,0
2013-05-23 21:48:20,64.0,27,0
2013-01-09 18:49:48,124.0,85,1
2013-06-22 02:03:19,134.0,1,0
2013-05-18 08:38:35,131.0,90,1
2013-03-20 19:05:13,241.0,16,1
2012-12-27 11:04:38,100.0,1,1
2013-04-02 16:31:03,404.0,18,1
2013-04-20 10:06:24,211.0,5,1
2013-06-13 20:55:39,131.0,78,1
2012-12-19 16:44:03,39.0,0,0
2012-11-18 08:12:57,46.0,0,0
2013-01-03 05:13:00,68.0,55,0
2013-04-06 14:56:07,143.0,40,1
2013-04-14 10:55:42,138.0,32,1
2012-11-13 22:15:55,101.0,67,1
2013-01-05 12:33:50,70.0,1,0
2013-01-20 12:36:11,74.0,56,0
2013-05-17 09:28:33,231.0,1,1
2012-12-11 18:38:51,87.0,3,1
2013-03-07 12:18:55,139.0,26,0
2013-04-25 21:19:38,50.0,4,0
2013-04-07 20:59:07,5584.0,13,0
2013-03-20 09:45:53,120.0,10,1
2013-03-31 19:38:41,84.0,95,0
2013-05-01 18:41:45,60.0,26,0
2013-01-15 09:11:52,120.0,23,1
2013-06-19 20:32:51,172.0,16,1
2012-11-15 09:04:00,144.0,217,0
2013-02-18 17:39:55,62.0,41,0
2013-06-01 11:25:32,104.0,26,1
2012-11-21 17:41:40,40.0,26,0
2013-04-24 17:38:08,164.0,23,0
2013-01-27 11:29:10,119.0,88,1
2012-11-28 22:19:49,44.0,7,0
2012-12-17 07:38:50,115.0,88,1
2013-06-21 22:23:06,51.17,10,0
2013-03-06 20:19:03,190.0,3,1
2012-11-14 17:59:10,62.0,29,0
2013-04-17 15:57:23,56.0,90,0
2013-04-17 23:06:09,125.0,51,1
2013-01-08 11:59:58,70.0,3,1
2013-03-19 06:00:23,87.0,8,0
2013-06-04 16:17:15,61.0,12,0
2013-05-06 11:46:34,146.0,61,1
2013-01-13 09:35:58,44.0,0,0
2012-12-13 12:17:17,66.0,22,1
2013-05-08 17:03:08,218.0,17,1
2013-02-13 23:28:10,110.0,43,1
2013-04-15 20:53:19,155.0,17,1
2012-11-14 14:25:41,66.0,0,0
2013-01-30 10:14:22,146.0,2,1
2013-03-20 20:26:23,102.0,240,1
2013-04-01 20:22:45,101.0,57,0
2012-12-30 18:58:47,73.0,5,1
2012-12-24 09:46:57,87.0,18,1
2013-06-20 10:52:37,144.0,0,1
2013-01-20 20:49:46,99.0,6,1
2013-01-16 13:20:58,49.0,6,0
2013-05-19 19:14:12,130.0,40,1
2013-01-01 22:24:12,70.0,4,1
2013-01-25 19:15:09,145.0,91,1
2013-03-04 15:11:39,138.0,25,1
2013-03-18 15:44:56,156.0,59,1
2013-04-27 15:00:49,218.0,21,1
2012-11-06 15:26:14,64.0,49,0
2013-03-18 21:53:43,185.0,32,1
2013-06-12 20:13:46,146.0,146,0
2013-03-06 07:58:47,96.0,28,0
2013-04-23 23:42:54,86.0,5,0
2013-05-22 12:21:54,108.0,24,1
2013-06-12 16:48:28,196.0,17,1
2012-11-28 15:58:44,83.0,86,1
2013-06-10 19:19:04,112.0,23,0
2013-04-25 09:19:18,99.0,92,0
2013-02-21 10:35:20,133.0,49,1
2013-02-25 18:38:06,139.0,19,1
2013-01-20 11:38:50,61.0,0,0
2012-11-05 19:55:05,80.0,7,0
2013-04-10 10:25:00,140.0,143,1
2013-05-20 19:38:53,75.0,93,0
2013-04-27 22:39:23,218.0,7,1
2013-06-04 08:30:54,68.0,5,0
2012-11-29 11:24:40,143.0,8,1
2013-03-18 11:25:55,103.28,11,1
2012-11-28 19:39:59,80.0,16,1
2013-04-24 08:20:33,146.0,16,1
2013-06-04 09:48:33,149.0,10,1
2013-01-13 16:59:01,80.0,3,0
2013-01-09 10:36:39,96.0,71,1
2013-03-21 07:26:10,112.0,0,1
2013-02-18 07:44:06,69.0,8,0
2012-11-10 12:48:50,101.0,3,0
2013-01-28 08:56:37,97.0,17,1
2013-02-25 19:08:07,98.0,109,1
2013-06-06 19:47:36,71.0,10,0
2013-04-26 11:02:14,76.0,68,0
2013-06-02 19:54:35,49.0,1,0
2013-03-05 22:18:39,186.0,4,1
2013-02-27 10:07:36,111.0,10,1
2013-05-06 01:15:44,119.0,53,1
2013-03-26 09:21:56,169.0,12,0
2013-05-16 10:20:21,76.0,28,1
2012-11-27 20:20:19,74.0,2,0
2013-06-12 07:32:01,219.0,92,1
2013-01-01 12:01:26,58.0,1,0
2012-11-13 12:08:10,70.0,16,1
2013-01-09 13:29:16,72.82,45,1
2013-04-07 11:39:37,116.0,185,0
2013-02-13 12:20:38,102.0,43,1
2013-04-15 17:19:57,181.0,32,1
2013-03-03 20:39:48,101.0,15,0
2013-02-24 22:19:45,174.0,68,1
2013-03-18 21:52:07,108.0,57,0
2012-11-07 19:09:03,106.0,7,0
2013-05-22 15:14:40,189.0,9,1
2012-11-06 12:29:32,61.0,0,0
2012-11-03 16:20:49,59.29,1,0
2013-02-10 00:09:31,100.0,10,0
2013-02-12 23:26:09,49.0,1,0
2013-02-08 18:37:04,81.0,6,1
2013-04-21 16:17:16,86.0,48,1
2013-04-27 13:45:15,165.0,10,0
2013-05-23 08:23:40,142.0,15,1
2013-06-14 19:27:43,114.0,76,1
2013-02-07 19:13:23,166.0,134,1
2013-06-04 23:47:37,112.0,3,1
2013-04-03 22:49:25,180.0,4,0
2013-03-24 18:13:53,70.0,1,0
2013-05-08 09:58:32,151.0,142,1
2013-06-11 20:24:24,110.0,58,1
2013-03-27 16:45:59,71.0,21,0
2013-03-10 09:44:14,80.0,43,0
2013-05-09 11:52:27,143.0,64,1
2012-11-09 07:36:14,76.0,66,0
2013-05-27 17:38:12,104.0,21,0
2013-05-06 21:04:39,80.0,16,0
2012-12-27 16:05:40,194.0,2,1
2013-06-03 19:25:10,139.0,53,1
2013-06-07 11:55:54,121.0,141,1
2013-05-06 15:05:00,195.0,18,1
2013-02-14 20:33:35,186.0,34,0
2013-03-09 18:06:25,100.0,8,0
2013-01-22 09:50:25,75.0,2,1
2013-03-01 08:11:46,67.0,108,0
2013-01-08 17:58:51,52.0,54,0
2013-02-27 19:43:16,85.0,105,0
2013-03-26 20:43:56,125.0,16,1
2013-01-07 21:18:44,44.0,17,1
2012-12-30 15:53:45,49.0,3,0
2013-05-19 21:19:11,209.0,6,1
2013-03-21 14:34:44,172.0,22,1
2013-03-04 06:54:07,193.0,11,1
2013-06-01 18:01:39,51.0,4,0
2013-05-18 18:51:44,76.0,17,0
2013-03-17 20:55:05,96.0,64,0
2013-02-14 12:14:43,173.0,2,1
2013-02-15 07:24:22,71.0,13,1
2013-01-30 21:40:44,139.0,3,1
2013-04-04 11:42:53,66.0,67,0
2013-04-22 11:41:54,73.0,57,0
2013-02-18 21:45:24,216.0,47,1
2013-04-09 20:36:53,70.0,14,0
2013-05-23 15:47:57,125.0,147,1
2012-11-01 09:04:18,114.0,56,1
2013-01-08 14:56:44,245.0,0,0
2013-03-05 13:40:42,120.0,7,0
2013-01-08 06:38:46,60.0,27,0
2013-01-10 17:49:02,66.0,2,1
2013-03-31 05:51:05,129.0,180,1
2013-05-24 09:47:26,62.0,4,0
2013-06-07 14:34:37,154.0,64,1
2013-02-11 06:05:58,49.0,1,0
2013-04-03 21:12:59,208.0,23,1
2013-02-04 11:54:59,103.0,139,0
2013-01-10 07:09:11,48.0,11,0
2013-06-12 11:39:25,84.0,12,0
2013-06-24 14:21:16,53.0,7,0
2013-04-16 10:23:11,125.0,46,1
2013-06-25 20:23:01,215.0,3,1
2012-12-30 14:44:59,220.0,0,0
2013-01-01 20:17:48,49.0,1,0
2013-03-04 14:51:33,146.0,83,0
2012-11-08 06:58:01,128.0,1,0
2013-05-29 23:21:28,137.0,29,1
2013-03-07 10:50:11,154.0,42,1
2013-05-09 20:35:21,96.0,13,0
2012-12-29 18:47:29,96.0,51,0
2013-01-05 21:23:40,52.0,17,0
2012-12-25 08:02:21,131.0,38,1
2013-04-15 08:49:48,74.0,82,1
2012-11-16 21:34:59,148.0,55,1
2013-06-26 08:46:52,196.0,8,1
2012-12-27 14:02:36,66.0,31,0
2012-12-14 08:38:03,55.0,149,0
2013-02-18 15:12:48,101.0,27,0
2013-01-23 13:33:45,56.0,0,0
2013-01-21 09:40:21,75.0,32,0
2013-03-19 08:13:26,117.0,31,0
2013-02-04 14:10:23,65.0,50,0
2012-11-23 13:58:00,96.0,71,0
2013-03-19 15:45:09,145.0,38,1
2013-05-12 20:53:09,113.0,36,0
2013-01-19 08:54:37,114.0,0,1
2013-03-05 17:54:26,193.0,10,1
2013-05-21 14:28:08,126.0,3,1
2013-03-07 13:05:22,123.0,51,1
2013-01-27 22:32:16,165.0,19,1
2012-12-28 11:59:42,105.0,9,0
2012-11-28 00:24:17,40.0,36,1
2013-04-21 07:52:16,115.0,39,1
2013-04-30 19:56:25,60.0,82,0
2012-11-10 22:02:02,115.0,6,1
2012-12-10 11:03:02,43.0,2,0
2013-01-05 12:22:41,70.0,6,1
2012-12-24 13:28:14,99.0,0,0
2013-02-22 19:43:13,128.0,1,1
2013-01-16 12:54:03,120.0,23,1
2013-03-21 21:51:07,112.0,9,1
2013-04-18 21:42:57,118.0,85,1
2013-03-05 00:09:09,230.0,17,1
2012-11-28 09:57:01,80.0,16,1
2013-04-10 16:31:52,60.0,82,0
2013-06-17 22:00:33,81.0,8,0
2012-11-15 19:13:06,136.0,1,1
2013-06-11 14:44:52,79.0,6,0
2013-04-09 19:56:31,168.0,25,1
2013-02-12 06:40:37,89.0,87,1
2013-06-16 19:57:18,114.0,55,1
2013-03-23 14:02:13,115.0,69,1
2013-01-25 17:10:47,73.0,4,0
2012-12-18 18:03:38,62.0,17,1
2013-04-29 18:45:39,68.0,41,0
2013-04-19 21:29:00,75.0,5,0
2013-02-25 20:33:01,131.0,5,1
2013-01-06 10:21:14,141.0,110,1
2012-12-23 13:02:15,66.0,2,0
2012-12-19 07:23:10,207.0,10,1
2012-11-12 17:07:10,46.0,9,0
2013-02-20 09:04:01,150.0,28,0
2013-05-04 20:23:52,140.0,16,0
2013-01-25 10:56:16,122.0,35,1
2012-12-05 09:40:32,141.0,3,1
2013-03-15 15:29:06,188.0,42,1
2012-12-30 06:46:22,60.0,31,0
2013-01-09 14:49:47,107.0,29,1
2012-11-18 19:49:31,80.0,4,1
2013-02-05 19:53:47,160.0,10,1
2013-03-14 13:56:25,66.0,18,0
2012-12-25 13:50:42,75.0,23,1
2013-03-11 01:54:18,123.0,2,0
2013-01-23 18:58:16,109.0,2,1
2013-05-23 17:27:47,188.0,1,1
2013-05-30 20:19:20,51.0,5,0
2013-04-05 20:59:40,135.0,7,1
2013-01-14 16:42:40,113.0,31,1
2012-12-26 23:44:54,61.0,8,1
2013-01-20 22:28:02,85.0,84,0
2013-02-12 18:20:11,102.0,10,1
2013-03-18 14:10:21,105.0,16,0
2013-06-15 13:27:00,324.0,14,1
2013-02-27 09:19:06,142.0,20,0
2012-12-22 13:45:41,75.0,1,0
2012-12-21 18:57:39,62.0,45,0
2013-06-22 21:18:56,119.0,85,0
2013-04-29 16:18:31,60.0,1,0
2013-03-18 18:44:35,183.0,2,0
2012-12-09 20:34:38,48.0,11,1
2013-04-14 12:50:41,154.0,67,0
2013-01-30 16:49:26,58.0,26,0
2013-06-02 23:01:31,149.0,33,1
2012-12-15 19:49:26,122.0,96,1
2013-06-12 20:11:34,209.0,3,1
2013-04-30 12:24:46,188.0,3,1
2012-12-14 11:42:17,54.0,20,1
2012-11-06 16:30:21,43.0,19,0
2013-03-11 20:55:33,132.0,12,1
2013-03-06 09:10:36,136.0,34,0
2012-12-26 16:56:19,66.0,1,1
2013-06-19 16:30:21,148.0,107,1
2013-02-23 19:06:25,62.0,30,0
2013-03-14 12:24:55,118.0,0,1
2012-12-20 08:31:10,251.0,17,0
2013-02-11 07:28:24,143.0,25,1
2013-05-28 17:41:12,127.0,10,1
2013-03-08 09:57:23,136.0,4,0
2013-04-11 22:39:29,150.0,50,1
2013-01-23 19:36:00,52.0,7,0
2013-06-02 23:19:37,146.0,55,1
2013-02-13 09:15:13,97.0,9,1
2013-04-03 20:43:04,205.0,3,1
2013-01-08 20:50:40,47.0,5,0
2013-01-23 21:18:16,129.0,16,1
2013-04-26 08:30:03,114.0,169,0
2013-02-18 20:46:25,62.0,7,0
2012-11-18 19:54:45,59.0,35,0
2013-05-10 17:25:07,106.0,0,1
2013-03-28 11:01:49,112.0,30,1
2013-06-20 21:13:44,54.0,11,0
2013-05-28 13:51:33,226.0,24,1
2013-03-04 09:59:51,225.0,18,1
2013-06-18 11:27:12,299.0,4,1
2013-05-03 23:34:04,89.0,64,1
2013-06-30 22:50:21,122.0,32,1
2013-02-07 19:01:11,201.0,58,1
2013-02-27 10:48:45,66.0,1,1
2012-11-10 15:06:27,78.0,34,1
2012-11-19 16:41:12,76.0,4,1
2013-03-25 20:20:42,95.0,5,1
2012-11-14 20:35:15,46.0,32,0
2013-04-04 12:22:03,96.0,7,1
2013-01-24 17:18:25,92.0,37,1
2012-11-13 11:08:38,160.0,4,1
2013-04-15 13:22:50,59.0,27,0
2013-03-31 10:19:43,68.0,22,0
2012-12-16 20:15:08,159.0,10,0
2013-05-07 20:48:57,100.0,37,1
2013-04-09 08:51:56,160.0,23,1
2013-02-13 13:40:38,202.24,3,1
2013-02-01 12:07:50,128.0,0,1
2013-02-03 09:26:14,90.0,2,0
2012-12-23 00:25:17,168.0,5,0
2013-05-22 18:24:29,71.0,116,0
2013-01-25 18:14:01,54.0,30,0
2012-12-07 02:20:09,131.0,1,1
2012-11-12 16:00:23,124.0,67,1
2012-11-30 14:02:22,70.0,35,1
2013-05-27 20:11:39,51.0,8,0
2012-11-05 16:49:35,96.0,72,0
2013-06-21 06:59:19,199.0,0,1
2012-11-09 01:09:36,160.0,8,1
2012-12-21 15:05:46,81.0,6,1
2013-01-01 10:29:26,80.0,84,0
2013-06-10 17:09:39,69.0,14,0
2012-12-09 16:33:48,83.0,14,0
2012-12-04 07:43:26,75.0,43,0
2013-01-04 11:46:12,44.0,9,0
2013-05-23 12:35:57,156.0,86,1
2012-12-04 23:06:27,75.0,18,1
2013-01-08 07:55:32,129.0,38,1
2013-04-22 22:04:39,62.0,64,0
2013-02-01 18:14:24,97.0,55,1
2013-06-04 17:22:23,63.0,7,0
2013-04-14 21:14:50,50.0,2,0
2012-12-12 10:02:38,56.0,7,0
2013-03-15 23:57:27,154.0,48,1
2012-11-23 10:34:49,44.0,31,0
2012-11-09 21:41:41,173.0,1,1
2013-05-06 13:58:07,118.0,59,1
2013-01-30 19:04:45,84.0,46,0
2013-05-08 15:58:42,138.0,0,0
2013-03-21 09:55:24,149.0,42,1
2012-11-01 02:48:30,84.0,19,0
2013-03-15 14:49:34,136.0,92,1
2013-05-01 18:21:48,186.0,10,1
2013-03-06 17:43:37,118.0,5,0
2013-04-23 12:15:07,148.0,26,0
2012-12-07 07:10:56,66.0,16,0
2013-04-24 21:24:36,86.0,15,1
2013-05-05 08:13:30,106.0,69,1
2013-03-17 14:24:55,200.0,3,0
2013-01-18 05:47:59,112.0,7,1
2013-01-12 18:28:00,80.0,4,0
2013-01-21 14:39:27,48.0,0,0
2013-01-03 10:52:20,68.0,0,1
2013-05-20 08:03:21,72.0,2,0
2012-12-20 06:00:15,70.0,1,1
2012-12-01 22:18:55,75.0,21,1
2012-11-01 12:00:58,47.0,38,0
2012-11-15 20:41:01,72.0,28,1
2012-12-18 23:34:58,70.0,8,0
2013-02-07 23:41:11,66.0,24,0
2013-03-21 10:59:25,53.0,67,0
2013-03-19 11:23:06,185.0,31,1
2013-02-27 10:05:07,103.0,42,0
2013-02-26 05:27:41,59.0,0,0
2013-03-04 21:35:20,130.0,10,1
2013-05-22 10:49:11,110.0,17,1
2012-11-15 14:02:33,83.0,29,1
2013-03-12 15:20:15,90.0,1,0
2013-01-07 10:33:01,55.0,7,0
2013-01-16 13:16:36,158.0,2,1
2013-05-20 21:24:22,62.0,55,0
2013-01-08 08:59:22,49.0,20,0
2012-12-20 13:03:22,172.0,11,0
2013-04-24 15:07:58,132.0,114,1
2013-01-07 12:11:13,123.0,11,1
2013-01-01 20:20:08,56.0,57,0
2013-05-14 21:20:47,156.0,3,1
2013-04-11 22:02:48,123.0,21,1
2012-11-07 22:09:38,47.0,35,0
2012-12-10 14:06:52,81.0,58,0
2013-03-22 19:52:38,143.0,43,1
2013-01-18 13:11:18,96.0,195,1
2012-12-28 12:51:15,110.0,1,1
2013-06-20 01:41:31,56.0,182,1
2013-06-18 22:37:31,69.0,27,0
2012-12-21 03:47:16,66.0,14,1
2013-06-05 00:15:57,111.0,2,1
2013-01-17 16:31:27,75.0,60,0
2013-01-29 18:25:54,58.95,1,0
2013-02-04 13:34:19,122.0,15,0
2013-02-12 14:33:17,61.0,47,0
2013-05-09 11:49:15,84.0,102,0
2013-04-28 13:25:28,138.0,47,1
2013-02-25 21:25:39,90.0,210,0
2013-06-19 01:02:07,89.0,0,0
2012-11-24 12:12:27,122.0,14,1
2012-12-02 21:35:38,163.0,103,1
2013-03-03 14:07:15,134.0,10,0
2013-06-21 13:08:28,189.0,13,1
2012-12-12 14:50:08,91.0,197,1
2013-03-30 14:22:20,50.0,1,0
2012-12-23 21:44:27,76.0,3,0
2013-01-28 09:15:58,73.0,7,0
2013-05-30 16:48:55,139.0,57,1
2013-05-24 21:33:26,154.0,15,1
2013-02-27 23:28:50,122.0,2,1
2013-01-13 21:28:40,101.0,40,1
2013-01-29 07:50:02,52.0,28,0
2013-03-22 19:23:31,72.0,73,0
2012-11-02 09:47:27,153.0,7,1
2013-06-20 11:52:00,59.0,10,0
2013-05-31 03:48:04,53.29,2,0
2013-01-21 13:44:54,166.0,11,1
2013-05-19 14:58:57,133.0,39,1
2013-05-22 21:19:14,56.0,63,0
2013-06-04 21:51:20,228.0,4,1
2013-01-02 10:51:49,62.0,24,1
2013-01-28 18:03:20,77.0,30,0
2013-05-03 15:26:52,128.0,12,0
2013-01-20 10:38:45,97.0,165,1
2013-04-12 20:06:06,130.0,19,0
2012-12-05 08:03:43,59.0,19,0
2012-12-04 21:32:30,66.0,32,1
2013-01-12 19:58:53,113.0,69,1
2013-01-07 13:03:29,145.0,32,1
2012-11-07 20:11:42,59.0,17,1
2013-06-04 16:47:04,121.0,10,1
2012-11-03 15:42:14,111.0,27,1
2013-02-05 21:02:27,62.0,48,0
2012-12-17 16:52:56,308.0,21,0
2013-04-22 22:58:00,118.0,32,0
2013-06-07 15:15:11,102.0,29,1
2013-06-07 15:17:29,60.0,38,0
2013-04-15 18:45:36,81.0,13,0
2013-04-05 14:32:36,66.0,62,1
2013-01-24 23:43:54,52.0,19,0
2012-12-10 11:27:18,71.0,16,0
2012-11-29 18:21:44,67.0,23,1
2012-11-04 17:33:06,210.0,6,1
2013-05-16 07:47:57,141.0,64,1
2013-06-18 13:24:20,84.0,9,1
2013-05-04 14:32:42,158.0,188,1
2013-05-30 17:10:48,47.0,87,0
2013-03-25 13:31:13,139.0,4,1
2013-01-21 06:23:22,150.0,18,1
2013-03-18 23:18:42,87.0,57,0
2013-02-27 15:22:33,87.0,84,0
2013-03-18 07:08:59,130.0,0,0
2013-05-27 11:04:52,137.0,47,1
2013-03-10 10:27:32,130.0,118,1
2012-12-26 15:38:02,75.0,167,0
2012-12-20 16:18:14,68.0,3,0
2013-03-10 16:32:09,156.0,5,1
2012-11-26 21:26:14,151.0,158,1
2013-03-21 09:38:18,159.0,19,0
2013-05-29 11:15:06,114.0,9,1
2012-11-27 17:07:03,271.0,33,0
2013-04-12 10:40:13,133.0,68,0
2013-02-06 16:35:52,98.0,73,1
2013-04-08 19:57:31,201.0,4,1
2013-05-02 11:56:00,113.0,170,1
2013-01-12 18:11:33,66.0,25,0
2013-06-16 10:43:33,69.0,8,0
2012-12-20 14:13:58,55.0,32,0
2013-02-19 12:48:49,103.0,1,0
2013-03-02 07:05:07,136.0,6,1
2013-04-09 12:56:02,109.0,30,1
2013-03-14 05:07:01,70.0,153,0
2013-01-15 12:59:29,102.0,135,1
2013-02-15 19:52:21,123.0,84,1
2013-04-17 13:49:56,82.0,56,0
2013-01-30 17:53:00,56.0,29,1
2013-06-11 19:19:14,92.0,68,0
2012-11-16 23:53:48,61.0,4,0
2013-01-02 14:02:53,82.0,8,1
2012-12-31 14:49:50,73.0,4,1
2013-02-04 13:25:07,84.0,24,1
2013-01-17 12:01:19,88.0,8,1
2013-01-20 04:43:16,98.0,40,1
2012-12-08 22:11:33,66.0,27,1
2012-12-21 19:56:09,106.0,7,1
2013-04-06 10:53:20,125.0,168,1
2013-05-02 15:00:47,190.0,2,1
2013-05-08 13:12:08,73.0,40,0
2012-12-13 00:30:55,52.0,0,1
2012-11-18 10:51:32,96.0,39,1
2013-01-20 16:18:18,108.0,5,1
2012-12-27 12:09:13,94.0,29,1
2012-11-05 12:39:25,126.0,6,0
2013-06-21 09:00:47,69.0,3,0
2012-12-09 12:07:55,70.0,63,0
2013-05-13 18:35:46,115.0,116,1
2012-12-21 08:35:10,64.0,101,0
2013-02-02 11:02:33,52.0,165,0
2013-03-07 08:57:49,66.0,0,1
2012-12-14 09:24:31,58.0,20,1
2013-03-30 15:05:17,210.0,56,1
2013-03-04 10:22:19,225.0,18,1
2013-04-03 13:15:02,77.0,38,1
2012-12-27 15:35:48,74.0,93,0
2012-12-28 11:38:50,125.0,0,1
2012-12-04 19:08:39,43.0,7,0
2012-11-15 17:45:55,72.0,28,1
2012-12-28 04:55:16,161.0,154,1
2013-04-22 09:52:25,144.0,5,1
2013-01-15 08:21:46,55.0,14,0
2012-12-21 22:16:28,70.0,2,0
2013-06-29 07:15:50,90.0,28,1
2013-03-04 15:24:39,101.0,14,0
2013-05-20 09:30:55,115.0,17,1
2013-01-05 09:40:33,75.0,120,0
2013-01-10 20:48:44,126.0,36,1
2013-03-17 23:47:13,250.0,5,1
2013-01-02 14:18:18,52.0,13,0
2013-05-15 10:11:52,143.0,30,1
2012-12-05 23:13:45,183.0,23,0
2012-11-09 06:40:45,126.0,0,1
2012-11-21 14:21:44,203.0,37,1
2013-01-06 10:45:55,138.0,40,1
2012-11-28 15:15:12,196.0,30,1
2013-05-20 10:34:56,140.0,18,1
2012-12-24 00:10:56,76.0,2,0
2013-02-18 17:12:08,62.0,6,0
2013-01-10 10:22:38,105.0,44,1
2013-06-12 19:55:12,56.0,157,1
2013-03-25 18:24:20,146.0,4,1
2013-06-10 17:40:32,266.0,11,1
2013-04-10 14:05:43,170.0,37,1
2013-04-26 21:11:17,115.0,41,1
2012-11-23 22:01:55,46.0,27,0
2012-12-28 22:52:32,146.0,83,1
2012-12-22 22:40:49,218.0,9,0
2013-02-27 18:33:47,72.0,4,0
2012-12-17 10:47:39,62.0,73,1
2013-03-04 16:45:47,208.0,32,1
2013-01-09 19:27:16,90.0,66,0
2013-02-19 22:13:47,134.0,10,1
2013-02-15 06:54:47,180.0,3,0
2012-11-13 16:16:02,105.0,9,1
2013-03-26 09:07:24,59.0,5,0
2013-06-28 11:45:32,104.0,15,1
2013-01-06 14:09:37,106.0,12,1
2013-05-30 15:50:22,76.0,20,0
2013-04-07 20:41:32,156.0,3,0
2012-12-07 14:01:16,66.0,16,0
2013-03-14 08:04:25,100.0,3,0
2012-11-27 23:02:32,51.0,37,1
2013-06-11 16:29:21,162.0,18,1
2012-11-27 15:35:41,163.0,4,1
2013-06-08 13:22:19,198.0,12,1
2013-06-21 20:35:13,107.0,9,0
2013-02-22 12:24:11,94.0,0,1
2013-03-27 20:06:28,188.0,23,1
2013-02-14 21:36:53,66.0,0,1
2013-01-09 20:08:55,66.0,1,1
2013-02-07 12:10:20,167.0,8,1
2013-04-16 17:51:54,153.0,18,1
2013-04-29 21:38:58,133.0,12,1
2012-12-09 13:35:39,78.0,13,1
2013-05-25 19:26:53,58.0,36,0
2012-12-02 16:28:23,58.0,17,0
2013-05-16 14:21:46,67.0,115,0
2013-05-28 18:18:34,77.0,183,0
2013-03-03 15:51:05,113.0,48,1
2013-02-10 21:43:59,53.0,2,0
2013-03-14 07:43:52,146.0,1,1
2013-02-14 14:52:09,109.0,197,1
2013-06-05 23:52:07,80.0,1,1
2013-01-10 22:00:59,130.0,71,1
2013-04-22 05:41:08,111.0,18,1
2013-05-04 18:23:17,210.0,13,1
2013-05-10 16:46:24,106.0,0,1
2012-12-18 16:36:28,84.0,89,0
2013-02-12 10:04:51,349.0,38,1
2013-01-29 22:28:27,120.0,24,1
2013-03-08 11:20:00,107.0,15,0
2013-06-01 18:21:07,87.0,136,0
2012-12-22 14:49:13,43.0,11,0
2012-12-25 17:45:53,273.0,5,0
2013-06-20 16:04:57,126.0,49,1
2013-06-21 12:09:16,64.0,30,0
2013-05-01 18:55:00,136.0,4,0
2012-11-22 15:27:26,68.0,16,1
2012-11-12 14:36:45,46.0,8,0
2012-12-25 13:52:14,205.0,5,0
2013-04-13 14:34:27,128.0,21,1
2013-01-24 12:51:11,54.0,33,0
2013-05-30 20:08:57,74.0,19,0
2013-01-07 21:07:18,66.0,13,0
2013-04-29 03:38:07,60.0,0,0
2013-01-07 08:01:47,50.0,14,0
2013-03-22 22:09:57,47.0,66,0
2013-01-31 14:48:34,118.0,7,1
2012-12-27 10:30:50,58.0,6,0
2013-04-24 18:58:20,106.0,28,0
2013-03-06 15:32:45,180.0,79,1
2012-11-15 18:50:52,46.0,4,0
2013-05-19 14:08:57,128.0,19,1
2013-04-05 08:48:48,201.0,7,1
2013-04-24 04:04:51,146.0,16,1
2013-01-14 22:02:42,131.0,4,1
2013-05-23 18:20:44,116.0,78,1
2012-12-18 15:34:16,141.0,20,0
2012-11-06 14:06:56,155.0,4,1
2013-06-17 15:27:04,154.0,16,0
2013-04-25 07:46:37,218.0,9,1
2012-12-11 21:57:24,39.0,6,0
2013-01-24 17:29:39,52.0,18,0
2012-11-29 19:01:02,76.0,27,0
2012-12-02 20:16:15,68.0,30,0
2013-04-19 17:12:34,211.0,6,1
2013-06-17 12:37:17,154.0,25,1
2013-04-16 19:33:23,70.0,61,0
2013-01-24 14:54:03,118.0,64,1
2013-02-11 19:01:26,87.0,86,0
2013-02-21 13:23:13,81.0,76,0
2013-06-20 12:59:32,71.0,52,0
2012-12-11 14:00:05,72.0,3,1
2013-02-15 14:43:38,113.0,90,1
2013-01-28 11:20:17,97.0,3,1
2013-05-05 22:01:43,133.0,40,1
2013-03-04 19:14:21,80.0,71,0
2012-11-30 14:24:40,62.0,34,1
2013-04-15 01:18:10,99.0,1,0
2013-06-18 12:31:23,138.0,31,1
2013-06-15 14:08:43,109.0,17,0
2013-06-11 21:08:28,111.0,79,1
2013-05-09 12:16:26,98.0,84,1
2013-03-07 08:08:56,96.0,3,0
2012-12-19 06:32:35,64.0,67,0
2013-06-07 09:28:06,242.0,1,1
2013-06-16 12:24:12,78.0,20,1
2013-04-18 17:47:12,76.0,5,0
2013-05-07 15:20:04,70.0,5,0
2013-06-19 16:29:42,38.0,69,0
2013-03-26 09:01:27,90.0,55,0
2013-04-16 19:48:10,47.0,17,1
2013-01-27 18:44:05,94.0,1,0
2013-05-28 11:54:10,47.0,92,0
2012-12-10 00:16:07,39.0,9,0
2013-03-09 15:43:56,106.0,5,1
2013-04-30 10:39:30,95.0,44,0
2012-12-26 13:00:46,66.0,6,0
2013-05-11 13:28:03,160.0,20,1
2013-02-14 15:26:14,122.0,3,0
2013-06-24 18:03:46,82.0,1,0
2013-01-09 18:44:11,66.0,1,1
2013-06-10 09:51:40,281.0,95,1
2013-05-03 21:34:36,145.0,2,0
2012-11-08 10:26:19,231.0,53,0
2013-02-14 11:05:25,109.0,84,1
2013-05-02 17:40:51,113.0,0,1
2012-12-29 17:32:50,192.0,2,0
2013-05-10 17:48:59,66.0,23,0
2013-06-11 16:07:45,80.0,121,1
2013-03-26 23:05:19,62.0,71,0
2013-03-18 20:34:32,146.0,67,1
2012-11-23 17:47:38,55.0,1,1
2012-12-12 22:57:17,106.0,44,1
2012-12-23 12:01:05,75.0,0,0
2013-04-30 14:16:07,188.0,31,1
2013-03-11 18:28:02,166.0,32,1
2013-04-07 08:01:39,94.0,28,0
2013-02-10 09:41:10,58.0,276,0
2013-06-13 22:35:49,110.0,30,1
2013-06-02 14:00:42,133.0,11,1
2013-05-24 10:40:56,51.0,3,0
2013-03-17 12:29:47,320.0,34,1
2013-01-08 22:00:59,101.0,45,1
2013-06-25 15:22:05,177.0,10,1
2012-11-07 19:05:06,159.0,3,1
2013-03-20 13:15:33,66.0,40,0
2013-04-19 07:22:19,116.0,30,0
2012-11-30 17:57:45,150.0,1,1
2012-11-07 13:22:50,131.0,23,1
2013-02-07 22:20:56,110.0,15,1
2013-02-17 11:07:18,56.0,114,0
2012-11-17 13:45:24,55.0,1,0
2013-06-25 08:59:31,201.0,94,1
2013-02-23 20:39:13,154.0,40,1
2012-11-16 18:25:28,73.0,40,0
2013-01-01 12:38:46,121.0,17,1
2013-01-14 16:45:04,113.0,31,1
2013-03-06 12:50:12,60.0,168,0
2013-05-28 09:02:55,80.0,70,0
2012-11-23 18:18:00,55.0,1,1
2013-02-25 20:16:20,71.0,77,0
2012-11-26 09:09:01,87.0,4,0
2013-01-15 07:46:50,109.0,67,1
2013-03-01 14:53:55,66.0,24,0
2013-05-02 14:35:30,132.0,18,0
2013-02-24 11:35:49,82.0,8,0
2012-11-06 11:50:05,76.0,8,0
2013-05-03 13:03:09,67.0,37,0
2012-12-13 03:36:50,71.0,10,0
2013-04-16 12:29:23,47.0,41,0
2013-02-12 09:10:46,81.0,43,0
2013-05-17 11:18:09,72.0,122,0
2012-11-09 18:02:07,67.0,35,1
2013-05-09 10:56:42,107.0,4,0
2013-05-03 19:27:32,90.0,19,0
2013-03-05 08:58:18,72.0,103,0
2012-11-10 06:45:14,133.0,2,0
2013-04-30 20:57:03,163.0,10,1
2013-01-17 21:19:46,198.0,30,1
2012-12-20 13:33:36,52.0,34,0
2013-02-25 15:48:16,90.0,52,1
2012-11-30 21:55:48,128.0,175,1
2013-04-01 16:59:49,60.0,15,0
2012-11-14 11:59:07,54.0,26,0
2012-12-11 09:04:07,311.0,19,0
2012-11-01 09:11:03,76.0,56,1
2013-02-09 07:07:41,49.0,2,0
2013-05-17 10:00:22,106.0,90,1
2012-11-02 10:34:31,120.0,7,1
2013-03-09 13:53:49,105.0,1,0
2013-06-27 09:11:52,164.0,29,1
2013-02-20 09:43:07,62.0,4,0
2013-06-22 09:29:20,99.0,152,1
2013-03-23 14:57:03,75.0,197,0
2013-02-10 19:31:39,91.0,11,1
2012-12-15 13:52:45,39.0,2,0
2013-03-09 12:56:56,100.0,8,0
2012-12-10 16:15:48,89.0,73,0
2012-11-18 08:00:16,50.0,185,0
2012-12-29 10:06:03,80.0,92,0
2013-04-20 16:29:11,47.0,137,0
2012-12-03 21:48:33,84.0,19,1
2013-03-24 15:29:42,71.0,9,0
2013-03-03 09:33:54,112.0,8,0
2013-01-15 19:59:46,142.0,156,1
2013-06-27 15:02:52,115.0,29,1
2013-01-08 11:43:25,123.0,58,1
2013-06-14 10:41:29,99.0,43,1
2013-02-10 21:43:51,162.0,26,1
2013-06-12 21:14:05,132.0,15,1
2013-02-05 19:41:19,104.0,72,1
2013-02-09 06:36:59,49.0,3,0
2012-11-30 19:20:07,60.0,2,0
2013-06-28 11:36:26,177.0,7,1
2012-12-11 09:26:07,64.0,13,0
2013-05-19 10:30:32,111.0,45,0
2013-06-03 12:51:01,67.0,7,0
2013-04-15 19:43:06,77.0,106,0
2013-02-07 14:06:35,118.0,37,1
2013-04-16 07:34:22,47.0,0,0
2013-03-09 18:01:34,106.0,5,1
2013-02-08 05:37:37,89.0,69,0
2013-06-15 15:09:19,172.0,20,1
2013-03-15 09:43:46,146.0,0,1
2012-11-13 22:27:38,118.0,10,1
2013-05-08 15:15:35,123.0,6,0
2012-11-17 13:42:38,63.0,33,1
2013-05-17 14:12:01,74.0,31,0
2013-02-05 08:12:56,64.0,55,0
2013-01-18 11:49:11,75.0,17,0
2013-06-18 09:10:35,96.0,30,1
2013-02-26 12:40:50,76.0,48,0
2013-03-19 17:52:43,86.0,62,0
2013-05-24 18:00:45,110.0,15,1
2013-01-11 10:30:45,44.0,48,1
2013-05-17 12:00:23,152.0,1,0
2013-02-26 19:12:26,62.0,0,0
2012-11-13 12:28:42,66.0,1,0
2013-02-28 21:22:21,88.0,6,0
2013-04-30 17:04:27,138.0,14,0
2013-04-22 15:25:25,118.0,171,1
2013-04-06 08:19:36,90.0,197,0
2013-06-19 21:25:38,132.0,8,1
2013-04-22 13:07:54,217.0,11,1
2012-12-01 18:09:41,50.0,24,0
2013-02-04 10:43:32,118.0,2,0
2013-02-25 08:56:43,146.0,5,1
2013-04-25 09:23:51,50.0,9,1
2013-02-07 19:59:16,52.0,129,0
2012-11-07 15:03:34,50.0,36,1
2012-12-06 17:23:54,43.0,4,0
2013-04-17 22:21:19,56.0,95,0
2013-02-06 20:47:34,183.0,2,1
2013-05-24 13:59:05,140.0,77,1
2013-02-20 10:28:34,149.0,46,0
2013-02-02 17:32:23,122.41,27,1
2013-05-06 18:25:18,64.0,21,0
2013-06-07 23:27:01,220.0,98,1
2013-04-03 16:38:23,112.0,0,0
2013-03-01 08:04:23,170.0,64,1
2013-03-17 16:39:05,68.0,42,0
2013-02-27 18:12:26,101.0,71,1
2013-03-07 19:21:45,155.0,1,1
2013-01-07 14:02:42,101.0,178,1
2012-12-21 23:10:30,82.0,86,0
2013-01-09 11:29:39,116.0,24,1
2012-12-17 12:08:40,62.0,34,0
2013-03-10 11:10:32,80.0,63,0
2013-05-04 22:23:41,132.0,104,1
2012-11-26 19:17:49,119.0,11,1
2013-04-30 05:12:10,67.0,41,0
2013-02-15 20:00:00,99.0,0,1
2013-01-11 09:41:27,73.0,46,0
2013-02-01 20:23:53,104.0,4,0
2013-06-03 19:06:13,60.0,21,0
2012-11-01 10:36:45,122.0,134,1
2013-04-17 12:33:09,206.0,16,1
2013-03-14 23:07:44,77.0,40,0
2012-12-22 12:16:56,71.0,4,0
2013-04-07 15:44:28,109.0,68,1
2012-11-29 21:29:47,63.0,24,0
2012-12-21 10:18:48,81.0,193,0
2012-11-26 19:48:15,53.0,26,1
2012-11-16 12:41:50,46.0,2,0
2013-05-24 11:25:49,71.0,156,0
2013-06-25 00:29:29,132.0,16,1
2012-11-02 02:36:00,79.0,15,1
2013-01-13 22:47:17,53.0,1,0
2012-11-15 22:03:05,56.0,38,0
2012-11-14 13:42:34,46.0,33,0
2013-03-15 18:46:08,159.0,97,0
2013-04-15 19:07:22,72.0,41,0
2013-01-26 20:08:44,156.0,13,1
2013-01-27 19:44:51,137.0,52,0
2012-12-25 19:08:37,56.0,27,0
2013-03-14 14:45:16,108.0,3,0
2013-06-09 08:52:51,94.0,45,0
2013-02-13 11:20:49,64.0,48,0
2013-05-12 09:25:03,122.0,75,1
2012-12-20 11:43:53,75.0,94,0
2013-06-18 23:18:43,259.0,3,1
2013-03-01 06:52:37,104.0,27,1
2013-03-27 22:01:33,69.0,4,0
2012-11-28 07:04:22,71.0,159,0
2013-04-26 19:33:34,169.0,6,1
2013-06-19 12:37:16,93.0,5,0
2013-04-19 09:00:38,173.0,29,1
2013-02-17 21:31:57,68.0,38,0
2013-02-05 18:53:55,99.0,17,1
2012-11-17 17:48:08,130.0,21,1
2012-12-10 12:15:05,219.0,27,0
2013-06-03 22:58:04,115.0,3,1
2013-05-07 17:01:39,132.0,13,0
2013-01-13 15:19:58,58.0,10,0
2013-02-09 09:13:34,56.0,16,0
2012-12-01 23:08:16,67.0,24,0
2013-04-11 09:59:40,108.0,64,1
2012-12-05 21:24:17,141.0,3,1
2012-11-15 23:21:00,126.0,1,1
2013-06-16 17:46:46,166.0,96,1
2013-03-01 09:44:18,71.0,31,0
2013-06-14 18:14:31,54.0,17,0
2013-04-12 20:43:44,90.0,89,0
2013-06-19 19:53:14,53.0,24,1
2013-06-22 20:03:10,162.0,20,1
2013-03-27 18:56:28,123.0,21,0
2013-05-16 18:07:06,56.0,66,0
2013-01-02 19:56:47,141.0,45,1
2013-02-11 07:37:27,193.0,53,1
2013-02-11 07:22:02,111.0,73,1
2012-11-27 06:12:22,107.0,66,1
2013-03-24 14:53:20,52.0,7,0
2012-12-01 08:40:45,201.0,36,0
2013-02-28 17:18:44,84.0,5,0
2013-01-10 13:20:22,97.0,9,1
2013-04-25 21:05:45,66.0,41,0
2013-05-27 13:24:58,140.0,18,1
2012-11-15 15:31:29,46.0,31,0
2012-12-03 20:28:28,168.0,26,0
2012-12-24 18:01:08,153.0,53,1
2013-04-04 09:59:49,60.0,11,0
2013-04-07 11:00:27,132.0,186,1
2013-04-28 12:28:16,66.0,4,1
2013-02-23 13:30:41,56.0,2,0
2013-02-01 01:46:22,113.0,16,0
2013-03-13 11:52:56,144.0,30,1
2013-02-22 23:18:05,134.0,7,1
2013-02-20 19:52:56,109.0,78,1
2013-01-14 17:36:51,58.0,22,0
2013-02-23 21:52:33,82.0,9,0
2012-11-21 12:43:51,111.0,113,1
2012-12-04 10:28:25,94.0,57,0
2013-02-02 01:42:38,131.0,0,1
2013-06-25 21:53:57,50.0,7,0
2013-02-21 19:21:40,118.0,2,1
2012-12-14 22:25:56,69.0,1,1
2013-01-05 11:17:14,49.0,31,0
2013-06-18 02:57:13,66.0,0,0
2012-11-21 10:51:12,46.0,0,0
2013-04-22 18:03:22,109.0,31,1
2013-01-12 20:16:30,160.0,160,1
2013-01-03 08:23:09,212.0,3,0
2013-01-07 17:09:12,127.0,61,1
2013-06-20 12:40:06,62.0,17,0
2012-12-18 19:50:14,77.0,24,1
2013-04-11 19:04:38,54.0,5,0
2013-06-03 09:51:34,69.0,23,0
2013-04-10 06:21:31,142.0,51,1
2013-04-22 20:01:52,137.0,62,0
2013-06-28 14:58:07,130.0,113,1
2013-02-25 09:12:00,59.0,0,0
2013-04-21 03:54:17,75.0,1,0
2013-03-03 19:05:17,100.0,32,1
2013-03-02 14:55:41,103.0,8,0
2013-06-19 12:48:28,131.0,92,1
2012-11-02 17:20:32,43.0,16,0
2013-02-28 19:59:33,176.0,15,1
2013-01-08 11:40:06,61.0,62,0
2013-03-15 16:30:08,76.0,48,1
2012-11-02 13:27:12,122.0,28,1
2013-03-25 09:32:52,139.0,4,1
2013-06-07 16:23:35,60.0,30,0
2013-06-28 15:55:05,64.0,9,0
2013-01-20 17:30:34,123.0,19,1
2013-03-30 21:40:38,66.0,267,0
2012-11-05 11:22:21,75.0,7,0
2013-03-10 15:22:18,80.0,42,0
2013-02-17 13:38:36,98.0,39,1
2013-01-11 10:36:59,75.0,0,1
2013-01-07 21:14:19,296.0,1,0
2013-05-21 23:42:00,68.0,1,0
2013-03-13 13:22:40,230.0,3,1
2013-02-28 00:18:04,142.0,14,1
2013-06-26 10:06:42,91.0,10,1
2012-11-21 21:25:07,40.0,4,0
2012-11-09 06:20:54,126.0,0,1
2013-02-23 22:50:18,134.0,6,1
2013-04-23 12:14:36,50.0,8,0
2013-02-21 08:31:58,75.0,7,1
2012-11-21 20:45:57,140.0,2,1
2013-01-14 14:35:51,71.0,2,0
2013-02-17 21:08:57,142.0,27,1
2013-01-16 22:25:36,77.0,164,1
2013-03-21 10:11:06,124.0,218,1
2013-05-28 11:52:42,124.0,37,1
2013-04-16 20:33:28,206.0,17,1
2013-05-16 15:46:46,71.0,87,0
2013-06-04 19:06:12,130.0,3,1
2013-03-18 15:08:26,190.0,60,1
2013-04-24 12:08:54,60.0,74,0
2013-03-24 19:16:19,117.0,47,1
2013-04-13 23:23:24,155.0,19,1
2012-11-07 16:52:38,43.0,19,0
2013-06-21 13:08:29,176.0,42,1
2013-03-06 12:05:17,90.0,49,0
2013-05-15 11:16:05,103.0,21,0
2013-06-08 11:50:20,152.0,19,1
2013-02-26 15:21:30,137.0,10,1
2013-06-18 13:56:12,92.0,1,0
2013-06-04 11:01:56,65.0,13,0
2013-04-09 14:31:43,50.0,6,0
2012-11-27 14:22:33,105.0,123,1
2013-06-20 23:14:14,164.0,22,1
2013-01-01 12:33:26,275.0,8,0
2013-06-23 06:48:04,68.0,44,0
2013-04-30 12:35:28,216.0,4,1
2013-02-28 16:07:39,90.0,10,0
2013-03-03 13:24:38,96.0,2,0
2012-11-09 17:09:04,90.0,29,1
2013-01-15 08:16:52,46.0,6,0
2013-02-21 17:25:00,52.0,0,1
2013-04-21 15:40:11,276.0,5,1
2013-05-21 20:55:51,65.0,1,0
2013-05-24 23:47:19,154.0,15,1
2013-05-22 15:05:51,68.0,21,0
2012-11-09 14:19:58,104.0,3,0
2013-04-01 14:57:27,123.0,19,1
2012-12-17 10:39:52,115.0,89,1
2013-03-20 15:34:27,148.0,65,1
2013-03-05 09:03:00,148.0,18,1
2012-11-26 07:56:24,40.0,37,0
2012-12-09 10:39:24,109.0,18,1
2013-02-15 11:59:47,163.0,33,0
2013-05-28 14:27:07,135.0,10,1
2012-11-18 18:40:34,118.0,5,1
2012-11-11 17:25:03,70.0,143,0
2013-06-04 00:08:14,130.0,24,1
2012-11-06 10:16:52,66.0,1,0
2013-03-26 22:05:18,148.0,3,1
2013-05-18 09:39:32,56.0,58,0
2012-12-12 20:24:27,73.0,9,1
2013-06-25 18:44:04,162.0,17,1
2012-11-22 17:56:08,112.0,15,1
2013-06-11 11:57:37,68.0,5,0
2013-05-16 18:54:43,140.0,50,1
2013-04-29 15:10:39,71.0,63,0
2012-11-06 16:44:24,66.0,1,0
2013-05-02 10:41:32,141.0,99,1
2013-01-07 13:25:58,118.0,67,1
2012-11-26 10:27:15,57.0,16,0
2013-02-15 02:34:11,99.0,0,1
2013-05-31 11:42:33,51.0,2,0
2013-02-02 13:58:58,122.0,4,0
2013-05-11 11:50:09,80.0,102,0
2012-11-22 04:18:46,143.0,85,1
2013-05-29 12:10:40,112.0,127,1
2012-12-22 21:07:12,59.0,23,0
2012-12-19 07:19:10,393.0,20,0
2012-12-28 23:01:15,56.0,46,0
2012-11-08 13:58:12,56.0,26,0
2013-03-14 16:00:16,151.0,197,1
2013-02-12 19:53:17,132.0,23,1
2013-04-06 17:27:25,148.0,7,1
2013-01-03 18:33:05,61.0,9,1
2012-11-13 21:03:44,112.68,109,1
2012-11-18 23:19:09,96.0,44,0
2012-12-27 18:38:11,156.0,3,0
2013-01-20 13:27:15,149.24,19,1
2013-01-10 18:58:37,66.0,0,1
2013-01-16 08:37:02,102.0,23,1
2013-02-19 19:44:17,98.0,19,0
2013-06-27 15:11:33,150.0,2,1
2013-01-25 16:04:09,156.0,14,1
2013-02-18 15:47:15,62.0,169,0
2013-05-24 08:32:21,81.0,26,0
2013-02-14 09:00:50,114.0,23,1
2013-02-22 17:47:27,94.0,0,1
2012-12-23 01:20:19,52.0,38,0
2013-05-06 18:22:03,216.0,11,1
2012-12-02 17:38:49,176.0,6,1
2013-03-11 15:06:06,128.0,47,1
2013-01-22 23:07:24,56.0,1,0
2013-01-14 19:26:50,138.0,32,1
2013-05-06 16:18:33,93.0,44,0
2013-02-23 14:49:07,138.03,43,0
2013-01-04 17:56:44,61.0,1,1
2012-11-18 15:51:07,66.0,33,1
2013-06-06 19:05:54,74.0,3,0
2013-02-12 18:26:33,163.0,7,0
2013-04-01 13:56:55,69.0,20,0
2013-01-27 23:15:15,206.0,145,1
2012-11-14 20:34:45,56.0,39,0
2012-12-19 07:16:28,120.0,156,1
2013-03-11 04:02:35,60.0,164,1
2013-05-27 12:34:10,66.0,14,0
2013-01-28 12:52:58,87.0,292,1
2013-02-20 09:07:32,83.0,12,0
2013-03-13 10:06:04,136.0,94,1
2013-01-27 17:02:05,92.0,60,1
2013-04-01 16:21:40,101.0,2,0
2013-01-07 19:37:09,122.0,31,1
2012-11-23 18:43:11,285.0,37,0
2012-12-12 10:44:42,61.0,13,0
2013-05-04 11:13:33,76.0,9,0
2013-01-05 20:20:00,123.0,13,1
2013-06-20 12:55:53,172.0,15,1
2013-02-16 22:52:32,62.0,170,0
2013-01-26 15:51:48,158.0,7,1
2013-01-23 16:26:21,90.0,2,1
2013-02-28 22:19:45,130.0,1,1
2013-01-23 15:56:48,58.0,144,0
2012-12-27 10:50:19,90.0,1,1
2013-04-29 08:56:32,69.0,56,0
2012-12-03 00:11:36,43.0,7,0
2013-03-08 00:52:49,108.0,64,1
2013-01-21 15:24:27,166.0,11,1
2013-04-14 20:09:49,125.0,54,1
2013-06-17 14:32:57,127.0,6,0
2012-11-15 19:49:16,46.0,33,0
2013-03-15 03:35:39,181.0,97,1
2013-01-18 21:15:32,62.0,5,0
2013-02-11 21:04:52,66.0,64,0
2013-04-18 18:25:08,206.0,30,1
2012-11-07 21:19:48,85.0,6,0
2012-11-11 14:10:58,99.0,3,0
2013-04-02 11:51:00,50.0,55,0
2013-03-12 15:18:10,170.0,9,1
2013-04-19 16:09:15,113.0,31,0
2013-02-12 20:55:54,132.0,23,1
2013-03-10 11:52:58,107.0,7,0
2013-06-05 14:07:24,56.0,32,0
2012-11-22 22:29:21,40.0,27,0
2013-03-18 09:44:58,250.0,4,1
2013-01-28 17:48:39,92.0,171,1
2012-11-20 09:41:16,118.0,3,1
2013-03-05 17:59:52,100.0,171,1
2013-01-22 18:30:38,176.0,11,1
2013-06-08 14:05:50,246.0,0,1
2013-03-26 14:31:18,123.0,15,0
2013-03-06 20:01:45,97.0,11,0
2012-11-29 21:37:02,42.0,20,0
2013-01-01 19:59:20,154.0,143,1
2013-01-15 18:17:38,147.0,24,1
2013-03-10 17:45:51,185.0,40,1
2013-02-13 15:50:32,138.0,24,1
2013-03-19 22:03:34,150.0,1,0
2013-03-22 16:07:19,94.0,12,0
2012-12-03 21:11:04,59.0,29,0
2013-05-18 20:50:32,137.0,77,1
2013-02-07 11:36:15,58.0,52,0
2013-06-01 13:58:09,67.0,17,0
2013-02-11 07:13:56,167.0,4,1
2012-12-15 18:03:34,39.0,1,0
2013-06-24 21:14:57,139.0,11,1
2013-03-29 15:59:44,188.0,49,1
2013-02-25 18:22:54,97.0,5,1
2013-05-28 13:31:24,172.0,3,1
2013-05-03 18:47:59,160.0,51,0
2012-11-05 15:56:30,61.0,1,0
2013-06-26 14:43:05,64.0,41,0
2013-01-28 16:48:05,146.0,12,1
2013-04-15 00:09:04,71.0,7,0
2013-03-21 19:48:24,71.0,178,0
2013-03-17 18:56:23,66.0,87,0
2012-12-26 22:00:51,184.0,4,0
2013-04-23 08:58:28,86.0,69,0
2013-03-25 19:58:21,82.0,8,0
2013-02-12 19:28:47,144.0,30,1
2013-06-06 10:15:44,65.0,10,0
2012-12-29 08:41:12,49.0,3,0
2013-05-20 18:25:10,66.0,20,0
2013-03-15 19:32:03,164.46,0,1
2012-12-10 09:36:25,106.0,129,1
2013-04-16 13:49:38,272.0,3,1
2013-04-09 17:32:57,152.0,1,0
2013-03-08 07:50:25,166.0,84,1
2012-11-15 09:42:37,63.0,37,1
2013-01-24 19:14:02,109.0,1,1
2013-03-18 15:24:50,69.0,41,0
2013-01-02 13:27:16,58.0,18,0
2013-01-10 10:06:09,52.0,17,0
2012-12-05 16:07:17,92.0,45,1
2013-03-06 10:57:26,80.0,46,0
2012-12-22 18:25:44,52.0,38,0
2012-12-12 08:53:46,146.0,17,1
2013-06-21 16:26:37,54.0,9,0
2013-04-24 21:55:53,49.0,46,0
2013-05-23 14:35:27,95.0,16,1
2013-03-03 03:20:16,124.0,59,0
2012-12-07 15:09:15,258.0,31,0
2013-05-20 17:43:19,68.0,28,0
2013-02-05 19:27:36,59.0,141,0
2013-01-19 10:27:14,83.0,5,0
2012-11-22 02:19:15,273.0,47,0
2013-02-26 12:22:09,125.0,51,1
2013-01-04 18:04:06,61.0,1,1
2013-05-27 15:09:09,231.0,25,1
2013-03-05 08:58:55,131.0,51,1
2013-01-25 11:47:54,173.0,49,1
2013-03-04 09:34:20,86.0,0,0
2012-11-04 09:26:00,43.0,14,0
2013-01-24 19:18:40,129.0,127,1
2013-06-16 16:53:14,126.0,60,1
2013-04-04 20:51:03,65.0,13,0
2013-02-08 16:30:49,117.0,29,1
2013-05-22 13:06:19,215.0,3,1
2013-02-06 10:35:00,56.0,22,1
2013-05-28 16:36:42,122.0,79,1
2013-05-13 08:12:00,123.0,95,1
2013-03-04 13:20:47,117.0,24,1
2013-02-19 19:41:08,181.0,46,1
2013-05-19 20:51:49,61.0,8,0
2013-03-12 22:41:49,96.0,58,1
2013-01-11 18:31:57,44.0,2,0
2013-01-13 10:19:14,81.0,39,1
2013-02-22 16:19:35,122.0,256,0
2012-12-31 08:49:37,116.0,130,1
2012-12-25 17:40:59,58.0,97,0
2013-05-30 19:47:17,147.0,64,1
2012-12-23 00:26:57,62.0,12,1
2013-06-04 15:24:55,121.0,10,1
2013-03-07 11:41:22,198.0,79,1
2013-04-13 06:29:27,49.84,4,0
2013-05-16 12:07:50,65.0,46,0
2013-03-06 09:09:26,82.0,143,0
2012-12-09 15:21:23,84.0,60,1
2013-02-25 23:15:59,169.0,61,1
2013-05-15 11:00:00,66.0,57,1
2013-04-26 19:17:27,66.0,6,1
2013-05-01 21:28:57,170.0,2,1
2013-06-09 14:22:49,79.0,8,0
2013-06-07 08:21:15,179.0,8,1
2013-05-20 18:46:50,142.0,18,1
2013-05-15 08:21:25,93.0,152,0
2012-12-22 21:40:06,70.0,1,0
2013-03-28 20:35:20,90.0,207,0
2013-06-24 18:22:18,104.0,23,0
2013-01-15 11:32:37,79.0,33,0
2013-02-17 16:09:56,181.0,26,1
2013-02-05 08:12:15,90.0,53,1
2013-04-04 20:17:32,66.0,62,0
2013-05-29 15:59:14,88.0,22,1
2013-06-05 13:30:03,164.0,23,1
2013-02-20 15:15:27,150.0,16,1
2013-03-19 10:52:34,185.0,24,1
2013-05-23 09:41:52,92.0,122,0
2013-01-13 13:28:05,134.0,19,1
2012-11-04 22:26:05,120.0,5,1
2013-05-27 08:28:34,51.0,7,0
2013-05-05 13:29:17,93.0,45,0
2013-03-17 11:20:13,69.0,91,0
2013-01-13 22:51:26,134.0,5,1
2013-03-28 14:17:12,50.0,3,0
2013-05-01 17:07:04,78.0,53,0
2012-11-07 12:58:03,90.0,5,0
2013-05-31 16:42:11,53.0,2,0
2012-11-27 10:51:36,47.0,36,0
2012-12-19 20:05:01,69.0,3,1
2013-03-29 12:01:07,166.0,6,1
2012-12-24 17:57:23,122.0,5,1
2013-04-15 20:04:00,272.0,4,1
2013-04-11 12:57:11,39.0,17,0
2013-06-07 09:43:32,121.0,119,1
2012-11-07 21:45:22,112.0,16,1
2013-05-15 12:32:34,202.0,3,1
2013-01-07 12:37:07,88.0,3,1
2013-01-25 11:42:34,119.0,13,1
2013-01-25 18:55:56,167.0,7,1
2013-05-10 12:02:57,213.0,14,1
2012-12-28 14:41:37,304.0,10,0
2013-01-19 17:31:50,118.0,41,1
2012-12-07 20:55:56,109.0,20,1
2013-03-27 20:06:31,170.0,2,1
2013-06-27 09:14:41,74.0,0,1
2013-06-04 17:55:54,118.0,151,1
2013-05-28 14:35:11,140.0,26,0
2013-01-02 07:42:38,43.0,1,1
2013-04-18 10:17:02,81.0,4,0
2013-01-08 16:19:58,83.0,205,1
2013-02-27 16:33:40,62.0,27,0
2013-01-20 19:32:38,74.0,7,0
2013-06-17 10:19:29,158.0,116,1
2013-06-27 09:39:14,87.0,89,0
2013-04-03 21:02:54,165.0,4,0
2012-12-22 21:24:24,106.0,34,1
2013-01-30 09:10:21,176.0,142,1
2013-01-15 13:42:23,75.0,35,0
2013-03-16 13:42:28,250.0,6,1
2013-02-11 16:37:05,151.0,67,1
2013-05-17 05:46:14,62.0,31,0
2013-03-19 17:08:01,217.0,17,1
2013-02-11 16:44:49,94.0,10,1
2013-04-16 18:34:48,129.0,24,1
2013-06-12 16:38:00,60.0,25,0
2013-01-09 13:48:13,79.0,1,1
2013-05-07 16:34:07,143.0,31,1
2012-11-24 18:18:34,46.0,28,1
2013-06-21 20:04:42,218.0,7,1
2013-04-23 11:29:31,273.0,3,1
2013-02-20 18:51:54,127.0,58,1
2012-12-26 17:23:51,64.0,69,0
2013-04-23 18:38:46,134.0,16,1
2013-01-16 13:00:01,61.0,12,0
2013-01-10 16:38:09,125.0,8,1
2013-05-16 19:36:58,186.0,8,1
2013-05-31 15:41:31,60.0,24,0
2013-05-31 20:37:14,51.0,3,0
2013-05-02 13:54:33,150.0,24,0
2012-12-02 03:29:11,42.0,16,0
2013-01-06 13:18:17,96.0,160,1
2013-04-09 21:17:05,216.0,4,1
2013-02-06 12:52:46,118.0,16,1
2013-04-02 11:05:52,50.0,55,0
2013-05-08 17:45:49,136.0,38,1
2012-12-27 11:29:50,61.0,16,1
2012-12-14 23:20:50,66.0,21,1
2013-04-05 16:49:37,102.0,224,1
2013-01-21 13:55:17,156.0,25,1
2013-06-17 08:40:35,164.0,6,0
2013-05-14 12:41:51,200.0,5,0
2012-12-05 18:48:55,39.0,13,0
2013-04-28 14:12:51,66.0,100,0
2013-05-15 09:29:39,120.69,13,0
2012-11-02 01:04:45,139.0,0,1
2013-04-28 05:57:55,70.36,0,0
2013-03-05 07:07:22,152.0,72,1
2013-03-25 18:33:37,58.0,70,0
2013-05-13 13:03:11,66.0,36,0
2013-02-15 14:18:06,109.0,7,1
2013-06-14 15:18:25,40.0,11,0
2012-12-26 15:55:22,94.0,16,1
2012-11-04 11:17:58,53.0,15,0
2013-04-28 22:19:32,165.0,8,0
2013-05-18 01:43:59,72.0,5,1
2013-04-28 02:39:32,186.0,5,1
2013-01-27 17:26:05,146.0,13,1
2013-04-08 17:51:29,86.0,93,0
2013-04-22 23:24:48,156.0,144,1
2013-03-05 09:14:54,123.0,38,1
2012-12-14 17:55:59,50.0,164,0
2013-03-06 19:35:30,198.0,9,1
2013-01-20 20:29:46,88.0,17,0
2012-11-17 09:31:55,118.0,6,1
2012-11-01 10:15:25,128.0,0,1
2013-04-01 09:29:17,132.0,17,1
2012-12-06 13:16:34,106.0,50,1
2013-03-21 07:52:18,71.0,66,0
2013-01-25 14:45:40,97.0,29,1
2013-04-08 17:20:44,107.0,37,0
2012-12-18 13:48:43,58.0,16,1
2013-03-26 20:00:33,62.0,1,0
2013-01-20 00:32:05,76.0,67,0
2012-12-16 20:49:33,75.0,11,1
2012-11-20 22:57:24,160.0,3,1
2013-01-01 14:18:09,66.0,33,0
2013-06-03 04:35:55,66.0,69,0
2012-12-01 13:37:22,76.0,25,0
2012-12-04 09:27:35,66.0,31,1
2013-02-05 07:29:53,100.0,28,0
2012-12-02 23:55:38,93.0,40,1
2013-06-21 15:14:08,199.0,0,1
2013-03-06 11:11:23,86.0,62,0
2013-03-07 09:31:34,98.0,80,0
2013-02-18 19:18:30,80.0,14,0
2013-03-19 21:19:44,125.0,52,1
2013-06-18 09:18:40,98.0,130,1
2012-12-27 22:37:03,62.0,18,0
2012-12-08 08:08:07,59.0,4,0
2013-06-26 12:29:53,47.0,11,0
2013-05-12 18:14:51,166.0,124,1
2013-05-08 21:11:21,60.0,54,0
2012-11-21 10:50:35,44.0,13,0
2012-12-17 11:46:19,66.0,19,1
2013-01-09 18:39:45,160.0,163,1
2013-06-25 18:57:17,147.0,50,0
2013-03-26 22:31:38,232.0,10,1
2013-03-30 08:51:31,125.0,33,1
2013-01-15 19:45:10,90.0,44,1
2013-03-19 07:29:24,111.0,80,1
2013-05-16 10:42:21,106.0,58,1
2013-03-25 22:09:56,88.0,113,0
2012-11-20 15:20:56,116.0,38,1
2012-12-07 14:26:52,219.0,23,0
2013-03-03 11:36:29,170.0,62,1
2013-02-27 13:42:38,150.0,9,1
2013-04-15 20:05:38,71.0,6,0
2013-03-31 09:29:36,84.0,249,1
2013-02-27 14:58:27,131.0,3,1
2013-02-11 16:11:41,61.0,3,1
2012-12-28 14:34:58,80.0,14,1
2013-04-22 12:56:36,119.0,17,1
2012-12-07 08:11:02,84.0,55,1
2012-11-06 10:36:02,66.0,49,0
2013-03-05 16:43:37,240.0,17,1
2012-12-19 18:17:37,66.0,172,0
2013-03-23 19:38:00,184.0,27,1
2013-05-22 13:49:46,62.0,26,0
2012-12-19 07:45:40,132.0,30,1
2013-06-04 21:39:33,0.12,3,1
2013-03-07 09:44:26,171.0,36,1
2012-11-21 12:43:04,40.0,27,0
2013-05-19 21:57:43,56.0,59,0
2012-11-28 11:13:12,95.0,182,0
2013-01-17 07:12:10,53.0,215,0
2013-03-06 11:08:12,114.0,134,1
2013-03-10 11:30:45,60.0,164,0
2013-03-18 15:03:44,156.0,59,1
2013-01-14 19:16:40,128.0,95,1
2013-06-02 07:47:39,71.0,11,1
2013-03-07 23:20:42,120.0,6,0
2013-03-06 17:34:50,175.0,29,1
2013-02-10 08:43:58,188.0,33,1
2013-05-26 07:00:48,55.0,1,0
2013-03-22 11:57:56,151.0,1,1
2013-03-24 03:33:09,52.0,7,0
2012-12-31 10:31:01,62.0,3,1
2013-04-16 10:06:55,55.0,12,0
2013-01-19 21:10:47,49.0,5,1
2013-06-20 12:37:50,69.0,27,0
2013-06-19 14:31:45,139.0,14,0
2013-04-06 11:55:36,201.0,6,1
2013-03-02 09:22:55,225.0,20,1
2012-12-27 16:17:54,119.0,1,1
2012-12-18 19:20:18,77.0,24,1
2013-03-27 22:00:45,132.0,52,1
2012-11-07 14:54:12,46.0,18,0
2012-11-20 12:55:57,219.0,39,1
2013-02-14 17:17:39,68.0,45,0
2013-03-25 20:08:56,85.0,29,0
2012-12-09 09:21:19,219.0,21,0
2013-02-10 15:01:39,112.0,47,1
2013-03-14 20:35:41,165.0,20,0
2013-01-19 14:34:49,70.0,216,0
2013-04-19 12:29:21,171.0,7,1
2012-11-26 10:04:34,87.0,3,0
2013-06-09 08:47:55,74.0,1,0
2013-04-08 16:22:18,206.0,5,1
2012-12-18 22:48:28,131.0,45,1
2013-04-19 12:20:53,56.0,45,0
2013-06-16 21:21:57,124.0,46,1
2013-01-14 12:22:59,102.0,136,1
2013-05-08 12:50:47,133.0,37,1
2012-11-13 21:27:12,54.0,32,1
2013-06-25 21:56:15,144.0,8,0
2013-03-04 11:01:18,88.0,54,0
2013-05-16 06:12:53,66.0,32,0
2013-01-06 12:31:07,110.0,32,1
2013-01-15 20:28:27,55.0,26,0
2013-03-10 15:07:37,69.0,21,0
2013-02-20 17:31:34,106.0,2,1
2013-06-01 20:12:41,58.0,23,0
2013-05-13 20:47:26,160.0,41,0
2013-04-26 08:23:59,207.0,21,1
2012-11-03 22:10:26,60.0,3,0
2013-05-30 20:58:43,143.0,23,1
2012-12-28 20:37:50,169.0,1,1
2013-03-24 13:36:41,64.0,28,0
2013-04-10 11:15:35,115.0,0,0
2013-02-23 15:47:41,66.0,4,0
2013-02-12 12:07:32,160.0,35,0
2012-12-24 11:35:09,71.0,2,0
2012-11-07 17:36:23,131.0,23,1
2013-03-27 11:47:10,123.0,14,0
2013-03-05 11:32:22,116.0,8,0
2012-12-17 13:52:50,58.0,17,1
2013-01-02 08:33:04,400.0,6,0
2013-06-14 10:39:17,139.0,198,0
2013-03-22 13:56:02,56.0,3,0
2012-12-27 15:34:42,96.0,0,1
2013-03-02 14:26:20,175.0,48,1
2013-03-19 01:24:38,66.0,6,0
2012-11-26 20:27:28,163.0,5,1
2013-05-21 23:17:12,74.0,29,0
2013-03-25 18:27:52,112.0,198,0
2013-02-08 15:18:32,142.0,29,1
2013-05-26 19:31:48,66.0,1,0
2013-03-18 14:38:51,160.0,21,0
2013-04-28 17:40:41,138.0,47,1
2012-11-15 15:48:15,118.0,8,1
2013-01-23 17:25:52,122.0,120,1
2012-12-11 15:28:50,221.0,17,1
2012-12-08 17:17:05,71.0,38,0
2013-06-01 16:17:54,115.0,28,1
2012-11-18 16:01:13,116.0,265,1
2013-04-17 14:18:44,75.0,4,0
2013-04-17 10:24:30,206.0,16,1
2013-05-13 17:17:52,56.0,15,0
2013-04-14 20:39:39,99.0,25,1
2013-05-18 23:06:38,73.0,9,0
2013-02-12 17:13:32,86.0,100,1
2012-11-15 18:13:17,49.0,4,0
2012-12-15 16:23:15,91.0,41,1
2012-12-03 10:34:19,75.0,22,0
2013-06-06 22:07:13,76.0,12,0
2013-03-20 13:50:28,155.0,3,1
2013-02-17 09:54:24,199.0,32,1
2013-04-23 08:51:42,90.0,5,0
2013-06-11 01:10:15,159.0,24,1
2012-11-02 23:18:37,136.0,1,1
2012-12-24 16:47:23,122.0,5,1
2013-02-14 15:15:23,119.0,76,0
2013-04-02 20:42:38,210.0,53,1
2013-03-18 10:54:23,185.0,32,1
2012-12-18 18:29:57,67.0,5,0
2012-12-12 07:52:39,62.0,39,0
2012-12-26 05:44:40,89.0,148,0
2012-12-04 21:20:48,46.96,2,1
2013-01-30 23:57:45,84.0,47,0
2013-03-26 20:30:16,232.0,10,1
2013-02-18 16:01:32,182.0,123,1
2013-02-24 02:08:21,146.0,6,1
2012-12-19 08:27:53,106.0,9,1
2013-03-05 07:53:06,100.0,171,1
2013-01-15 20:43:40,129.0,66,1
2013-06-05 21:01:56,56.0,42,0
2013-01-10 10:49:25,57.0,12,0
2013-01-08 14:40:10,101.0,45,1
2012-12-26 19:31:24,46.0,8,1
2013-03-09 10:47:16,140.0,0,1
2013-03-31 17:31:07,84.0,249,1
2013-02-04 10:18:39,101.0,43,0
2013-06-06 21:38:16,156.0,29,1
2012-12-28 20:14:30,136.0,1,1
2013-04-14 21:08:02,56.0,85,0
2013-01-16 05:39:58,131.0,86,1
2013-06-12 06:30:26,140.0,30,1
2013-01-21 16:10:53,150.0,18,1
2013-03-15 22:30:39,185.0,28,1
2013-06-03 02:31:26,47.0,2,0
2012-12-30 14:20:43,109.0,49,0
2012-11-21 21:05:00,156.0,45,0
2013-06-16 16:57:01,59.0,14,0
2013-04-13 19:12:57,72.0,217,1
2012-12-29 17:43:49,186.0,1,0
2013-01-23 17:52:38,129.0,52,1
2013-06-07 23:10:46,110.0,47,0
2013-01-28 12:41:32,169.0,46,1
2013-03-02 08:00:33,108.0,45,0
2013-05-15 21:01:01,166.0,121,1
2013-01-23 09:44:51,59.0,189,0
2012-11-20 16:32:15,174.0,50,0
2013-03-30 14:43:35,105.0,117,1
2013-05-27 08:03:33,64.0,51,0
2013-01-10 20:59:04,75.0,39,0
2013-06-13 00:39:49,227.0,8,1
2013-03-15 12:05:54,198.0,71,1
2013-01-02 17:11:51,111.0,143,1
2013-01-23 19:36:50,99.0,77,0
2013-05-21 21:32:43,60.0,6,0
2013-02-18 19:54:30,145.0,24,1
2013-05-30 07:29:49,112.0,126,1
2012-11-06 13:59:45,59.0,44,1
2012-12-24 19:17:16,180.0,6,0
2013-04-01 21:22:41,66.0,68,0
2013-03-02 06:00:39,111.0,96,1
2012-11-21 08:55:02,84.0,85,1
2013-05-20 18:56:55,140.0,1,0
2013-03-25 18:11:02,172.0,18,1
2013-05-30 23:40:21,144.0,1,1
2013-06-16 19:43:12,84.0,77,0
2012-11-28 12:45:31,75.0,2,1
2013-02-01 14:13:54,112.0,1,1
2013-05-28 17:53:34,56.0,56,0
2013-01-22 21:05:25,132.0,17,1
2013-03-24 15:33:31,56.0,2,0
2013-01-27 23:41:50,72.0,2,0
2013-02-05 21:29:03,112.0,13,0
2012-11-13 23:05:02,326.0,18,1
2013-06-17 18:14:11,84.0,47,1
2012-11-05 07:21:16,50.0,19,1
2013-05-04 08:24:38,158.0,6,1
2013-03-04 16:13:30,196.0,82,1
2013-03-02 18:00:31,117.0,26,1
2013-02-28 19:07:28,130.0,1,1
2013-04-09 18:00:03,153.0,18,1
2013-02-11 21:29:41,115.0,11,1
2013-04-11 10:53:36,125.0,134,1
2012-12-31 00:34:41,49.0,1,0
2013-01-15 13:30:18,44.0,15,0
2012-11-10 15:08:38,126.0,1,0
2012-11-27 19:49:11,188.0,43,0
2012-11-27 08:04:06,95.0,2,1
2012-12-05 10:22:51,43.0,7,0
2012-12-17 20:39:51,118.0,122,1
2013-05-22 14:25:47,98.0,36,0
2013-01-14 22:03:17,58.0,0,0
2013-04-09 21:18:45,155.0,18,1
2012-12-26 20:01:20,50.0,28,0
2013-05-06 06:44:26,143.0,10,1
2012-11-20 09:36:17,76.0,2,1
2013-04-26 12:05:39,130.0,49,1
2012-11-28 20:24:05,80.0,3,1
2013-05-28 16:39:21,79.0,2,1
2013-01-21 15:56:45,49.0,146,0
2012-12-30 18:19:17,110.0,117,0
2013-03-12 19:39:28,180.0,52,1
2013-03-13 11:53:44,130.0,17,1
2013-03-12 10:30:29,100.0,23,1
2013-06-05 09:45:12,89.0,30,1
2013-02-27 16:55:53,87.0,164,1
2012-12-22 11:31:51,106.0,34,1
2013-01-10 11:45:41,71.0,78,0
2013-05-12 18:45:00,104.0,60,1
2013-02-21 10:56:46,94.0,1,1
2013-03-26 08:20:51,64.0,0,0
2013-04-12 21:41:12,71.0,2,0
2013-06-13 09:33:43,62.0,31,0
2012-11-07 20:39:53,59.0,14,0
2013-03-05 18:59:09,186.0,4,1
2012-11-05 07:17:31,61.0,1,0
2012-12-15 23:14:41,132.0,34,1
2012-12-21 11:49:04,56.0,3,0
2013-01-25 10:16:09,89.0,34,1
2013-02-18 20:52:25,86.0,3,1
2013-02-24 20:19:51,161.0,18,1
2012-12-28 10:42:35,143.0,97,1
2013-04-26 15:27:52,124.0,24,0
2013-03-21 06:37:58,163.0,92,1
2013-02-08 00:22:07,79.0,30,0
2013-04-20 15:47:17,195.0,0,1
2013-03-09 10:06:10,90.0,1,0
2013-02-24 18:27:39,169.0,62,1
2012-11-21 10:09:05,99.0,65,1
2013-03-10 21:41:19,131.0,61,1
2012-12-13 21:12:48,123.0,15,1
2012-12-19 15:26:43,72.0,53,0
2013-05-29 18:46:46,151.0,2,1
2012-12-04 20:02:59,61.0,20,0
2013-02-13 09:40:53,135.0,2,1
2013-02-07 21:34:39,176.0,2,1
2012-12-19 13:08:35,117.0,65,1
2013-05-06 07:42:17,76.0,42,0
2013-03-05 13:03:51,154.0,58,1
2012-12-24 22:40:02,218.0,7,0
2013-05-05 07:56:42,136.0,41,1
2013-01-24 09:43:51,100.0,35,1
2013-02-06 07:35:26,65.0,27,0
2012-12-20 22:14:33,132.0,77,1
2012-11-26 11:30:08,53.0,29,0
2013-05-28 13:47:32,64.0,14,0
2013-01-09 09:58:23,70.0,2,1
2013-02-01 12:27:02,195.0,49,1
2013-06-18 05:59:56,76.0,7,0
2013-06-22 20:02:14,69.0,19,1
2012-12-14 21:57:12,92.0,36,1
2013-03-17 16:33:04,71.0,10,0
2012-12-26 15:57:46,87.0,16,1
2013-05-16 05:38:01,131.0,49,1
2012-12-24 09:33:52,81.0,2,0
2013-01-04 12:45:42,230.0,5,0
2013-05-06 18:32:06,166.0,13,0
2013-02-18 09:58:00,71.0,85,0
2013-03-16 08:20:44,175.0,49,1
2012-11-19 15:28:00,64.0,35,0
2013-04-05 15:06:46,186.0,0,1
2013-06-18 07:10:23,134.0,2,1
2013-02-17 16:30:11,81.0,45,0
2013-05-18 18:43:34,62.0,79,0
2012-12-14 14:35:54,74.0,143,0
2013-01-17 15:09:27,68.0,18,0
2012-11-06 15:27:43,77.0,6,0
2013-04-15 19:17:49,50.0,0,0
2012-12-30 11:43:29,280.0,0,0
2013-02-11 09:59:45,117.0,52,1
2013-03-28 19:08:32,142.0,6,0
2012-11-18 17:05:25,80.0,6,1
2012-11-05 09:54:42,210.0,5,1
2013-01-03 22:06:19,44.0,20,0
2013-06-27 12:07:04,246.0,2,1
2013-03-12 15:31:13,165.0,11,1
2013-03-03 12:18:27,139.0,4,1
2012-11-05 13:07:00,111.0,18,1
2013-02-08 18:17:02,132.0,98,1
2013-01-16 20:18:27,132.0,100,1
2013-06-07 20:34:46,246.0,1,1
2013-01-08 14:34:41,122.0,10,1
2013-01-10 15:14:16,99.0,15,1
2012-12-13 15:29:49,64.0,11,0
2013-06-20 12:03:06,116.0,28,1
2013-02-20 01:41:01,114.0,94,1
2013-05-22 14:51:45,64.63,11,0
2012-12-14 14:37:13,100.0,92,1
2013-02-11 16:04:23,108.0,59,1
2013-05-22 17:02:30,88.0,29,1
2013-05-13 22:00:37,73.0,30,0
2012-11-22 22:48:07,44.0,32,0
2013-06-20 00:45:51,135.0,91,1
2013-03-18 15:23:06,120.0,0,0
2013-06-28 08:59:55,66.0,31,0
2013-05-02 16:01:02,173.0,4,0
2013-03-31 14:44:30,63.0,1,0
2013-03-17 18:31:31,96.0,196,0
2013-03-26 19:19:59,125.0,73,1
2013-06-20 18:39:27,111.0,7,0
2013-01-21 08:58:31,108.0,4,1
2013-02-27 00:41:03,111.0,10,1
2012-11-28 12:57:11,44.0,25,0
2013-02-14 18:10:15,149.0,1,1
2013-03-25 11:30:15,141.0,9,0
2013-06-06 23:23:01,159.0,8,1
2012-12-09 18:40:26,43.0,1,0
2012-12-01 07:51:12,65.0,21,1
2013-06-22 23:16:39,131.01,1,0
2013-06-10 08:30:30,129.0,4,1
2013-04-16 00:23:27,62.0,112,0
2013-03-12 10:24:40,215.0,9,1
2013-06-23 09:07:05,94.0,4,1
2013-04-15 15:32:06,272.0,4,1
2012-11-14 07:48:42,148.0,16,1
2013-03-19 13:37:41,108.0,22,0
2013-03-02 07:28:55,76.0,44,0
2012-12-30 16:22:08,220.0,0,0
2013-06-14 00:17:01,66.0,46,0
2013-04-18 00:52:49,66.0,0,1
2013-02-27 11:40:40,190.0,37,1
2013-01-31 21:34:11,80.0,13,0
2013-01-09 00:19:50,82.0,7,0
2013-06-19 08:19:52,91.0,31,1
2013-06-03 08:55:21,47.0,85,0
2012-12-06 20:52:49,43.0,3,0
2013-02-05 18:29:08,145.0,3,1
2013-03-01 16:39:45,86.0,3,0
2013-03-19 17:28:16,70.0,40,0
2012-12-29 09:29:13,90.0,13,1
2013-04-10 20:10:45,166.0,52,1
2013-04-07 18:43:18,106.0,95,1
2012-12-24 22:30:42,315.0,14,0
2013-05-16 09:54:52,123.0,49,1
2013-05-06 20:16:14,161.0,18,1
2013-02-10 22:34:39,165.0,6,1
2013-04-30 22:52:41,66.0,71,0
2013-02-22 12:18:05,90.0,13,1
2012-12-22 21:46:11,87.0,189,1
2012-11-24 16:58:32,50.0,30,0
2012-11-21 20:57:27,131.0,1,1
2013-05-29 11:42:47,56.0,53,0
2013-06-01 04:43:03,63.0,15,0
2013-03-20 14:09:06,98.0,8,1
2012-12-20 12:27:13,106.0,8,1
2013-06-18 19:59:09,76.65,76,0
2012-12-31 06:38:30,254.0,7,0
2013-03-18 09:48:03,200.0,2,0
2013-05-16 04:13:04,123.0,154,1
2013-01-04 08:53:58,127.0,64,1
2013-03-26 16:12:55,109.0,93,1
2013-04-19 18:17:09,276.0,7,1
2013-04-02 21:57:25,86.0,2,1
2012-12-17 01:44:43,238.0,14,0
2013-06-27 11:29:09,194.0,16,1
2013-01-22 15:53:12,112.0,17,1
2012-12-21 21:40:49,78.0,1,1
2012-12-28 22:00:31,136.0,1,1
2013-01-08 08:39:26,296.0,0,0
2012-12-19 21:04:56,68.0,2,1
2013-04-29 23:15:54,153.0,3,0
2013-01-10 11:12:01,66.0,1,1
2013-04-12 09:57:33,63.0,108,0
2013-05-08 13:30:09,73.0,4,0
2013-03-04 08:52:22,210.0,19,1
2013-03-27 18:30:48,65.0,89,0
2013-01-23 19:58:13,56.0,40,0
2012-11-01 23:33:16,61.0,51,1
2012-12-31 03:23:52,72.0,57,0
2013-02-26 16:26:32,75.0,56,0
2013-01-10 09:49:01,128.0,71,1
2013-03-27 17:11:35,143.0,14,0
2013-06-06 15:15:59,79.0,27,0
2013-02-26 08:50:57,202.0,23,1
2013-02-06 19:45:52,173.0,37,1
2013-03-23 22:47:49,64.0,29,0
2013-05-28 11:23:58,131.0,59,1
2013-02-21 14:48:18,146.0,9,1
2012-12-22 23:10:19,76.0,4,0
2012-12-27 10:39:18,90.0,1,1
2013-01-17 18:54:14,49.0,5,0
2012-12-18 23:57:33,56.0,3,1
2013-04-05 21:10:18,88.0,31,0
2012-11-21 19:44:54,57.0,34,0
2013-06-25 12:04:19,132.0,16,1
2013-04-02 22:13:12,195.0,17,1
2013-06-06 11:37:57,56.0,39,0
2012-12-18 06:20:32,44.0,0,0
2013-04-15 23:54:35,123.0,16,0
2013-02-03 15:36:59,169.0,40,1
2013-06-19 11:04:12,146.0,31,1
2013-01-16 18:20:25,94.0,34,0
2012-11-23 11:04:03,50.0,31,0
2013-06-15 01:01:27,114.0,0,1
2012-11-22 18:11:16,121.0,36,1
2012-12-09 15:57:38,201.0,20,1
2013-03-29 22:25:49,206.0,50,1
2013-02-04 12:45:08,57.0,22,0
2013-02-18 12:47:04,155.0,49,0
2013-03-06 10:08:46,133.0,121,1
2013-05-11 11:16:06,76.0,2,0
2013-03-12 09:11:44,75.0,113,0
2013-04-01 15:14:08,160.0,24,1
2013-03-10 22:46:22,190.0,68,1
2012-11-17 20:01:35,46.0,2,0
2013-04-01 10:35:10,180.0,6,0
2013-05-04 18:43:26,65.0,57,0
2013-06-05 19:26:00,59.0,47,0
2013-06-17 16:54:54,60.0,28,0
2013-04-03 15:46:49,148.0,10,1
2013-05-17 18:25:02,101.0,19,0
2013-04-10 09:53:48,80.0,1,1
2013-03-28 12:27:20,153.0,276,0
2012-11-27 13:56:09,106.0,51,1
2012-11-09 20:45:04,46.0,19,0
2013-02-18 15:10:09,127.0,39,1
2013-06-03 14:28:25,144.0,4,1
2012-12-15 10:51:33,71.0,31,0
2013-03-29 20:21:32,108.0,134,1
2013-02-22 20:10:43,56.0,7,1
2013-06-12 08:09:33,79.0,1,1
2013-05-01 07:46:36,160.0,53,0
2013-02-07 21:45:45,61.0,7,1
2013-01-06 09:36:35,79.0,5,1
2013-02-05 19:01:24,109.0,12,0
2012-12-26 09:07:08,54.0,7,0
2013-04-12 21:55:40,137.0,12,0
2013-01-03 11:58:01,105.0,50,1
2013-06-07 17:49:13,106.0,6,1
2013-05-30 13:38:03,92.0,210,1
2013-02-08 17:55:17,52.0,3,0
2012-12-27 19:13:31,141.0,22,1
2012-12-09 22:00:11,109.0,19,1
2013-06-19 11:56:27,229.0,2,1
2013-06-17 23:08:17,95.0,51,0
2012-12-24 06:59:15,109.0,33,1
2013-06-13 15:36:53,134.0,126,1
2013-03-04 13:44:36,101.0,6,0
2013-06-17 23:25:17,90.0,68,1
2012-12-10 19:47:04,41.0,6,0
2013-06-23 18:32:28,64.0,43,0
2012-11-08 17:19:19,76.0,48,0
2013-05-22 05:47:51,87.0,100,0
2013-05-27 07:48:24,140.0,74,1
2013-05-02 13:39:20,150.0,1,1
2013-06-27 08:42:47,66.0,31,0
2012-11-01 17:46:18,116.0,14,1
2013-02-13 16:38:47,99.0,2,1
2012-11-02 13:14:41,60.0,4,0
2013-06-17 16:13:54,192.0,11,1
2013-01-11 23:34:59,47.0,11,0
2012-12-01 08:57:58,150.0,0,1
2013-04-23 11:04:56,138.0,52,1
2013-05-07 18:06:31,87.0,85,0
2013-01-09 18:52:36,102.0,184,1
2013-06-23 20:03:41,172.0,12,1
2013-02-12 09:29:00,99.0,3,1
2013-06-09 10:34:34,156.0,26,1
2012-12-27 23:20:05,90.0,1,1
2013-03-19 09:27:37,58.0,69,0
2013-01-12 09:11:59,118.0,61,1
2013-04-23 12:50:16,118.0,18,1
2013-01-13 19:52:03,63.0,163,0
2013-02-04 16:06:25,56.0,1,0
2013-02-04 07:17:38,129.0,116,1
2013-03-05 19:31:02,99.0,67,1
2013-04-23 08:14:33,66.0,104,0
2013-04-14 21:23:10,81.0,23,0
2013-05-28 10:07:56,132.0,52,1
2012-12-17 21:07:29,39.0,3,1
2013-05-21 19:01:04,76.0,15,0
2013-04-04 19:27:33,166.0,7,1
2013-04-23 18:16:23,132.0,17,1
2013-06-24 13:32:58,64.0,35,0
2013-06-21 15:56:33,47.0,156,0
2013-04-19 13:03:01,163.0,13,1
2013-05-04 19:04:16,125.0,17,0
2013-05-24 09:05:16,65.0,24,0
2013-03-29 14:28:12,201.0,28,1
2013-02-28 15:59:04,195.0,36,1
2013-03-20 21:45:09,152.0,45,1
2012-11-27 17:04:56,119.0,3,1
2013-03-21 12:20:41,118.0,14,1
2012-11-07 17:02:55,126.0,224,0
2013-04-18 16:27:32,128.0,51,1
2013-06-02 18:16:11,144.0,61,1
2013-02-20 16:59:14,84.0,25,0
2013-03-31 17:19:20,66.0,23,0
2012-12-16 19:27:42,111.0,59,0
2013-03-16 13:19:28,188.0,41,1
2012-11-15 11:39:24,56.0,6,0
2013-06-17 14:07:25,64.0,2,0
2013-03-18 19:20:45,196.0,2,0
2013-01-15 11:16:40,143.0,3,1
2013-01-23 08:00:28,66.0,91,0
2013-02-15 13:18:56,96.0,119,1
2013-06-08 11:50:11,159.0,15,0
2013-03-15 10:26:38,64.0,16,0
2012-12-06 21:54:34,94.0,1,1
2012-11-14 10:34:55,53.0,19,0
2013-05-18 08:11:18,186.0,1,0
2013-06-16 16:13:24,237.0,5,1
2012-11-27 00:58:31,44.0,6,0
2013-03-19 16:18:15,160.0,20,0
2013-03-28 00:09:13,66.0,19,0
2013-04-17 10:43:08,105.0,57,1
2013-03-20 11:06:34,78.95,10,1
2013-03-19 22:55:34,103.0,99,0
2013-03-26 18:11:59,220.0,11,1
2012-12-11 19:48:11,388.0,28,0
2013-03-21 03:35:15,170.0,22,1
2013-02-12 18:31:06,76.0,97,0
2013-01-10 13:53:42,103.0,7,1
2013-02-09 23:17:07,162.0,27,1
2013-01-11 19:58:15,111.0,7,1
2013-05-28 14:23:46,116.0,2,1
2013-06-27 13:52:28,69.0,14,1
2012-11-11 19:43:07,64.0,42,0
2012-12-14 22:13:10,234.0,16,0
2013-04-05 21:42:11,92.0,138,0
2013-06-20 00:50:15,50.0,67,0
2013-06-11 21:43:36,72.0,5,0
2013-06-12 21:18:26,89.0,15,1
2013-01-20 22:08:39,112.0,80,0
2012-12-07 21:36:42,71.0,19,0
2013-03-15 08:37:02,134.0,34,1
2013-03-08 16:17:51,125.0,168,1
2013-02-26 15:42:53,81.0,71,0
2013-05-22 09:49:34,66.0,15,1
2012-12-26 20:52:10,80.0,1,1
2012-12-19 13:29:31,120.0,156,1
2013-03-24 20:53:54,70.0,1,0
2013-05-28 21:52:44,92.0,15,0
2013-05-13 11:27:10,117.0,59,1
2013-03-31 17:16:39,96.0,102,1
2013-06-09 07:52:05,74.0,0,0
2013-03-20 13:36:37,148.15,36,1
2013-06-06 16:22:21,244.0,99,1
2013-03-17 14:16:40,108.0,109,1
2013-03-14 11:30:36,60.0,17,0
2012-11-13 10:12:15,160.0,3,1
2013-01-20 12:43:11,52.0,156,0
2013-01-08 15:06:18,67.0,22,0
2013-01-07 16:51:17,59.0,14,0
2013-03-25 18:51:06,232.0,11,1
2012-12-24 16:56:44,93.0,100,0
2013-06-04 14:11:18,228.0,4,1
2013-04-16 08:36:06,50.0,1,0
2013-01-10 07:05:06,49.0,18,0
2013-05-05 21:09:08,104.0,67,1
2013-05-05 10:12:33,218.0,19,1
2013-01-23 12:00:41,56.0,0,0
2013-05-17 21:35:35,64.0,72,0
2013-06-06 12:39:54,233.0,15,1
2013-03-10 19:03:08,156.0,5,1
2013-01-11 10:51:10,50.0,10,0
2013-06-13 19:25:42,192.0,7,1
2013-01-16 18:11:25,96.0,34,0
2013-01-06 23:04:23,102.0,187,1
2013-03-12 08:35:10,133.0,199,1
2013-06-06 20:20:42,64.0,5,0
2012-12-20 09:50:54,148.0,9,0
2013-03-15 02:10:05,151.0,133,1
2013-05-16 07:33:35,58.0,216,0
2013-04-09 20:05:40,213.0,3,1
2012-11-26 09:00:17,76.0,30,0
2012-12-02 17:33:56,123.0,104,1
2012-12-04 07:15:47,89.0,1,0
2013-05-17 22:47:31,232.47,1,1
2013-05-01 13:19:40,88.0,84,0
2013-03-19 14:51:11,64.0,31,1
2012-12-27 06:02:08,70.0,0,1
2013-01-08 15:25:41,70.0,3,1
2013-01-09 20:40:16,66.0,2,1
2013-06-20 07:01:14,116.0,55,0
2012-11-06 15:24:42,76.0,8,0
2013-04-24 10:39:21,228.0,9,1
2013-02-26 17:32:45,165.0,11,1
2013-02-13 00:40:45,141.0,5,0
2013-02-26 22:42:16,164.0,66,1
2012-12-01 12:58:54,107.0,102,0
2013-04-17 07:52:29,105.0,57,1
2013-02-25 09:32:06,66.0,2,0
2013-02-28 10:35:47,134.0,14,0
2013-06-03 19:32:53,56.0,45,1
2013-01-15 22:12:53,112.0,2,1
2013-05-14 19:25:41,201.0,17,1
2012-12-27 13:28:11,58.0,6,0
2012-11-02 22:02:36,64.0,19,0
2013-04-03 09:56:25,76.0,101,1
2013-06-17 20:28:22,109.0,0,0
2013-01-15 23:27:08,163.0,4,1
2013-01-22 19:23:30,129.0,129,1
2013-05-04 15:22:18,66.0,29,0
2012-11-22 23:18:46,166.47,37,0
2013-04-12 12:14:29,183.0,0,1
2012-11-12 08:26:16,264.0,47,1
2013-05-30 17:00:01,74.0,10,0
2013-03-24 12:10:04,90.0,109,1
2013-03-27 22:44:20,216.0,9,1
2013-04-07 12:53:30,176.0,2,0
2012-11-06 15:02:52,111.0,17,1
2013-02-27 22:11:22,162.0,51,1
2013-06-20 18:45:54,274.0,1,1
2013-01-15 00:12:00,66.0,0,0
2013-03-06 11:36:19,146.0,79,1
2013-02-19 20:59:59,108.0,135,1
2012-11-13 12:20:08,133.0,172,1
2013-05-30 23:11:45,56.0,5,0
2012-11-04 22:34:24,67.0,47,1
2013-05-23 18:58:11,59.0,33,0
2012-12-07 08:32:50,126.0,286,1
2013-03-04 14:39:40,176.0,60,1
2013-06-22 12:04:50,112.0,47,1
2013-03-09 20:01:52,185.0,41,1
2013-05-21 14:25:16,51.0,13,0
2013-02-13 13:39:58,99.0,17,1
2012-12-18 22:42:15,76.0,4,1
2013-06-06 12:08:04,139.0,50,1
2012-12-06 18:21:44,66.0,16,1
2013-05-04 13:19:51,145.0,1,0
2013-02-18 10:21:08,112.0,0,0
2013-05-20 16:39:23,148.0,144,1
2013-04-16 21:29:03,170.0,66,1
2013-01-06 19:46:46,116.0,60,1
2012-12-16 14:11:25,80.0,52,0
2013-02-09 11:42:13,61.0,50,0
2013-03-28 15:37:12,160.0,29,1
2013-01-01 17:53:35,122.0,31,1
2013-05-14 07:40:53,213.0,10,1
2012-11-08 13:11:07,230.0,226,1
2012-12-18 14:34:44,228.0,12,0
2013-01-26 21:58:06,82.0,171,0
2013-02-25 19:26:38,122.0,4,1
2013-01-09 13:32:46,126.0,72,1
2012-11-04 14:01:40,90.0,26,1
2012-11-09 18:48:47,57.0,39,0
2013-06-30 15:42:32,56.0,172,1
2013-01-29 11:44:16,56.0,114,1
2012-12-20 15:29:26,61.0,16,1
2013-04-15 22:47:30,272.0,4,1
2013-02-18 17:57:42,92.0,20,0
2013-05-27 16:58:00,73.0,30,0
2013-06-19 15:52:13,124.0,1,1
2013-04-23 11:24:46,67.0,97,0
2012-11-01 10:43:44,206.0,9,1
2012-12-06 00:28:36,59.0,18,0
2013-02-22 14:21:29,56.0,3,0
2013-04-27 00:39:14,88.0,39,0
2012-11-08 23:23:16,225.0,225,1
2013-05-22 19:03:26,76.0,41,0
2013-05-10 05:27:46,68.0,17,0
2013-01-05 17:15:36,108.0,42,1
2013-05-16 09:15:54,63.0,12,0
2013-05-20 17:53:34,134.0,53,1
2013-04-14 12:48:01,129.0,26,1
2013-05-26 10:51:24,58.0,10,0
2013-04-10 16:32:22,76.0,11,0
2013-02-12 18:14:08,135.0,3,1
2012-12-27 14:16:25,54.0,6,0
2013-02-02 16:47:50,122.41,27,1
2013-02-26 17:08:29,95.0,214,0
2013-06-28 13:22:26,98.0,274,1
2013-02-08 15:45:05,110.0,14,1
2013-01-08 12:39:48,49.0,49,0
2012-12-02 13:57:48,60.0,51,0
2013-05-02 21:13:21,135.0,7,1
2013-03-12 17:08:43,66.0,141,0
2013-03-15 14:18:23,172.0,1,1
2013-01-29 10:35:47,178.0,46,1
2013-03-23 16:29:41,184.0,27,1
2013-04-04 04:06:34,85.0,153,0
2013-04-18 10:42:46,53.0,39,0
2013-04-08 11:14:45,80.0,29,0
2013-02-14 17:46:32,122.0,3,0
2013-03-05 20:39:33,186.0,16,1
2013-02-24 14:26:16,67.0,28,0
2013-04-23 23:38:20,76.0,1,0
2013-05-27 01:04:57,66.0,0,0
2013-01-22 16:58:05,106.0,46,0
2013-06-26 21:17:07,74.0,1,1
2013-04-17 17:07:57,95.0,52,1
2013-04-03 19:40:28,200.0,2,1
2013-03-13 13:51:17,140.13,212,1
2013-01-06 17:45:55,76.0,19,1
2013-03-17 22:36:03,63.0,14,0
2012-11-21 20:01:56,341.0,48,0
2013-03-29 11:05:05,160.0,1,1
2013-04-02 23:10:22,151.0,178,1
2013-01-10 20:00:14,114.0,16,1
2012-11-25 21:39:32,44.0,29,0
2013-05-05 13:59:11,62.0,29,0
2013-06-02 12:09:22,151.0,12,1
2012-11-21 12:12:34,271.0,47,0
2013-05-08 12:34:35,60.0,19,0
2012-11-14 20:04:41,148.0,16,1
2013-04-12 03:03:36,62.0,6,1
2013-02-02 19:20:21,81.0,1,0
2013-03-28 20:24:28,60.0,115,0
2013-03-18 17:14:10,62.0,77,0
2013-01-26 23:21:02,131.0,19,1
2012-12-22 09:22:57,106.0,6,1
2013-02-25 11:28:28,88.0,13,0
2012-12-27 00:14:39,46.0,6,0
2013-03-16 19:24:19,156.0,216,1
2013-06-11 10:05:40,124.0,3,1
2013-06-20 12:56:42,86.0,70,1
2013-04-16 13:42:20,225.0,18,1
2012-11-27 21:30:59,84.0,30,1
2013-01-16 09:19:10,126.0,2,1
2013-02-06 16:13:16,116.0,35,0
2013-04-06 06:46:03,109.0,55,0
2013-05-11 11:00:47,58.0,16,0
2013-01-27 11:22:35,156.0,12,1
2013-03-01 13:10:14,106.0,18,0
2012-11-04 14:56:27,43.0,16,0
2013-03-06 11:24:47,198.0,9,1
2012-12-13 15:48:31,111.0,66,0
2012-11-14 21:16:07,106.0,2,1
2013-01-22 11:28:54,99.0,78,0
2012-12-24 08:53:39,66.0,8,0
2013-05-15 18:50:38,93.0,35,0
2013-05-10 13:54:21,175.0,49,1
2013-03-07 06:38:12,78.0,38,0
2013-04-09 12:46:06,127.0,39,1
2013-04-10 08:45:17,70.0,153,0
2012-12-02 19:07:08,148.0,5,1
2013-05-27 18:17:44,72.0,42,0
2013-05-25 11:57:48,51.0,0,1
2012-12-06 22:30:24,127.0,22,1
2013-03-31 02:38:11,119.0,51,0
2012-12-02 23:16:39,220.0,26,1
2013-01-28 16:43:38,84.0,48,0
2013-03-28 20:32:05,238.0,8,1
2012-11-27 21:23:09,44.0,26,0
2013-02-05 11:19:43,123.0,17,1
2013-06-07 05:42:45,119.0,19,0
2013-01-23 05:18:18,132.0,16,1
2013-03-12 18:23:01,246.0,25,1
2013-04-15 12:42:13,102.0,25,1
2013-04-12 22:39:42,279.0,14,1
2013-02-05 06:35:19,132.0,66,1
2013-01-06 14:17:14,70.0,5,1
2013-01-28 12:21:06,71.0,3,1
2013-04-15 18:18:50,143.0,31,1
2013-01-29 13:04:53,118.0,3,1
2013-03-14 09:22:28,167.0,2,0
2013-06-21 11:52:21,154.0,35,1
2012-12-27 16:30:22,60.0,16,1
2013-02-10 19:57:52,103.0,19,1
2013-01-30 05:24:03,112.0,274,1
2013-01-11 20:43:58,70.0,62,1
2012-12-05 23:09:04,66.0,21,0
2013-02-21 20:16:06,158.0,56,1
2013-05-31 10:51:57,122.0,76,1
2013-05-11 21:20:55,164.0,19,1
2013-03-18 16:37:19,150.0,39,1
2013-04-07 12:21:17,236.0,2,0
2013-01-07 17:50:39,138.0,39,1
2012-12-20 11:29:07,66.0,15,1
2012-12-20 11:17:55,68.0,1,1
2013-04-24 21:14:35,142.0,267,1
2013-06-05 06:37:16,73.0,116,0
2012-12-19 16:53:42,140.0,9,1
2013-06-05 21:17:38,72.0,21,0
2013-03-18 19:42:33,172.0,19,0
2013-01-27 12:05:58,94.0,2,0
2013-06-27 12:51:54,227.0,78,1
2013-02-02 09:07:46,52.0,9,0
2012-12-06 12:01:07,131.0,2,1
2013-02-09 20:50:06,110.0,13,1
2013-05-10 13:53:08,96.0,28,0
2013-04-25 10:40:59,66.0,3,0
2013-01-28 22:15:56,70.0,146,0
2013-03-15 16:40:26,60.0,116,0
2012-12-25 22:33:21,66.0,11,1
2012-11-30 12:39:45,50.0,5,0
2013-01-08 05:26:32,135.0,72,1
2012-12-01 01:32:08,70.0,35,1
2013-03-13 20:17:53,90.0,0,0
2013-01-23 20:54:39,79.0,12,0
2013-03-11 14:41:35,230.0,5,1
2013-01-19 09:17:26,166.0,0,1
2013-05-30 08:19:54,92.26,13,0
2013-06-02 17:39:42,88.0,18,1
2013-06-09 10:47:26,319.0,6,1
2013-02-01 12:30:34,75.0,51,0
2013-02-21 09:10:57,71.0,53,0
2013-01-30 13:07:16,71.0,74,0
2013-06-08 10:13:17,309.0,0,1
2013-06-17 20:20:51,109.0,0,0
2012-12-07 17:29:49,96.0,40,0
2013-01-02 19:36:56,107.0,30,1
2013-02-23 12:27:10,81.0,73,0
2012-11-17 17:53:21,59.0,33,0
2013-04-26 18:52:31,71.0,59,0
2013-02-23 11:03:49,117.0,47,1
